NAME	NES	FDR.q.val	epsilon
HALLMARK_ANGIOGENESIS	-2.1907787	0	-1.2
HALLMARK_MYOGENESIS	-2.105562	0	-1.2
HALLMARK_EPITHELIAL_MESENCHYMAL_TRANSITION	-1.9602993	0.00013066665	-1.2
HALLMARK_KRAS_SIGNALING_DN	-1.9491317	0.000117599986	-1.2
HALLMARK_COAGULATION	-1.6750815	0.0033017246	-1.2
HALLMARK_APICAL_JUNCTION	-1.409525	0.0519138	-1.2
HALLMARK_APICAL_SURFACE	-1.3482269	0.09332481	-1.2
HALLMARK_WNT_BETA_CATENIN_SIGNALING	-1.25974	0.21613738	-1.2
HALLMARK_PANCREAS_BETA_CELLS	-1.1427485	0.5706723	-1.2
HALLMARK_INFLAMMATORY_RESPONSE	-1.1369085	0.5597787	-1.2
HALLMARK_SPERMATOGENESIS	-1.1353924	0.53331506	-1.2
HALLMARK_IL6_JAK_STAT3_SIGNALING	-1.1092186	0.6079011	-1.2
HALLMARK_HEDGEHOG_SIGNALING	-1.0941881	0.6399704	-1.2
HALLMARK_XENOBIOTIC_METABOLISM	-1.0870825	0.6374861	-1.2
HALLMARK_NOTCH_SIGNALING	-1.0698977	0.67759097	-1.2
HALLMARK_IL2_STAT5_SIGNALING	-0.98812085	0.9997638	-1.2
HALLMARK_UV_RESPONSE_DN	-0.9273135	1	-1.2
HALLMARK_CHOLESTEROL_HOMEOSTASIS	-0.9251168	1	-1.2
HALLMARK_HYPOXIA	-0.9063662	1	-1.2
HALLMARK_KRAS_SIGNALING_UP	-0.8941444	1	-1.2
HALLMARK_COMPLEMENT	-0.8526554	1	-1.2
HALLMARK_ESTROGEN_RESPONSE_EARLY	-0.82523173	1	-1.2
HALLMARK_ESTROGEN_RESPONSE_LATE	-0.80706286	1	-1.2
HALLMARK_TNFA_SIGNALING_VIA_NFKB	-0.7900352	1	-1.2
HALLMARK_P53_PATHWAY	-0.76479864	1	-1.2
HALLMARK_MITOTIC_SPINDLE	-0.7020413	1	-1.2
HALLMARK_UV_RESPONSE_UP	-0.67898744	1	-1.2
HALLMARK_INTERFERON_GAMMA_RESPONSE	-0.66593945	1	-1.2
HALLMARK_TGF_BETA_SIGNALING	-0.64698166	1	-1.2
HALLMARK_ADIPOGENESIS	-0.6235023	1	-1.2
HALLMARK_REACTIVE_OXYGEN_SPECIES_PATHWAY	-0.61398774	1	-1.2
HALLMARK_BILE_ACID_METABOLISM	-0.6076606	1	-1.2
HALLMARK_APOPTOSIS	-0.5861693	1	-1.2
HALLMARK_HEME_METABOLISM	-0.5229587	1	-1.2
HALLMARK_GLYCOLYSIS	-0.5026811	1	-1.2
HALLMARK_FATTY_ACID_METABOLISM	-0.47749248	0.99697345	-1.2
HALLMARK_PI3K_AKT_MTOR_SIGNALING	-0.47252315	0.9740034	-1.2
HALLMARK_INTERFERON_ALPHA_RESPONSE	-0.4522655	0.95262104	-1.2
HALLMARK_PEROXISOME	-0.4022349	0.9325888	-1.2
HALLMARK_ALLOGRAFT_REJECTION	-0.39428067	0.91243243	-1.2
HALLMARK_UNFOLDED_PROTEIN_RESPONSE	-0.38188815	0.8931837	-1.2
HALLMARK_ANDROGEN_RESPONSE	-0.3339663	0.8748455	-1.2
HALLMARK_PROTEIN_SECRETION	2.6809692	0	-1.2
HALLMARK_MYC_TARGETS_V2	1.2808534	0.12912089	-1.2
HALLMARK_DNA_REPAIR	NA	1	-1.2
HALLMARK_G2M_CHECKPOINT	NA	1	-1.2
HALLMARK_MTORC1_SIGNALING	NA	1	-1.2
HALLMARK_E2F_TARGETS	NA	1	-1.2
HALLMARK_MYC_TARGETS_V1	NA	1	-1.2
HALLMARK_OXIDATIVE_PHOSPHORYLATION	NA	1	-1.2
HALLMARK_ANGIOGENESIS	-2.1656332	0	-1.15
HALLMARK_MYOGENESIS	-2.060998	0	-1.15
HALLMARK_EPITHELIAL_MESENCHYMAL_TRANSITION	-1.9247117	5.733333e-05	-1.15
HALLMARK_KRAS_SIGNALING_DN	-1.9142965	5.1599996e-05	-1.15
HALLMARK_COAGULATION	-1.6428286	0.003552324	-1.15
HALLMARK_APICAL_JUNCTION	-1.39994	0.052812774	-1.15
HALLMARK_APICAL_SURFACE	-1.3347348	0.09964482	-1.15
HALLMARK_WNT_BETA_CATENIN_SIGNALING	-1.2548381	0.21332099	-1.15
HALLMARK_PANCREAS_BETA_CELLS	-1.143857	0.55754423	-1.15
HALLMARK_SPERMATOGENESIS	-1.1293753	0.58584535	-1.15
HALLMARK_INFLAMMATORY_RESPONSE	-1.1269393	0.5620519	-1.15
HALLMARK_IL6_JAK_STAT3_SIGNALING	-1.098423	0.65414846	-1.15
HALLMARK_XENOBIOTIC_METABOLISM	-1.0958356	0.6312367	-1.15
HALLMARK_HEDGEHOG_SIGNALING	-1.0853567	0.64547443	-1.15
HALLMARK_NOTCH_SIGNALING	-1.0633998	0.71335	-1.15
HALLMARK_IL2_STAT5_SIGNALING	-0.97520447	1	-1.15
HALLMARK_CHOLESTEROL_HOMEOSTASIS	-0.9265115	1	-1.15
HALLMARK_UV_RESPONSE_DN	-0.92615306	1	-1.15
HALLMARK_HYPOXIA	-0.90555066	1	-1.15
HALLMARK_KRAS_SIGNALING_UP	-0.89758414	1	-1.15
HALLMARK_COMPLEMENT	-0.86268926	1	-1.15
HALLMARK_ESTROGEN_RESPONSE_EARLY	-0.82705176	1	-1.15
HALLMARK_ESTROGEN_RESPONSE_LATE	-0.8174355	1	-1.15
HALLMARK_TNFA_SIGNALING_VIA_NFKB	-0.78047526	1	-1.15
HALLMARK_P53_PATHWAY	-0.7634375	1	-1.15
HALLMARK_MITOTIC_SPINDLE	-0.7118635	1	-1.15
HALLMARK_UV_RESPONSE_UP	-0.68576795	1	-1.15
HALLMARK_INTERFERON_GAMMA_RESPONSE	-0.6668264	1	-1.15
HALLMARK_ADIPOGENESIS	-0.64341205	1	-1.15
HALLMARK_TGF_BETA_SIGNALING	-0.63933855	1	-1.15
HALLMARK_REACTIVE_OXYGEN_SPECIES_PATHWAY	-0.6297446	1	-1.15
HALLMARK_BILE_ACID_METABOLISM	-0.6284866	1	-1.15
HALLMARK_APOPTOSIS	-0.59430254	1	-1.15
HALLMARK_HEME_METABOLISM	-0.5259084	1	-1.15
HALLMARK_GLYCOLYSIS	-0.52200025	1	-1.15
HALLMARK_FATTY_ACID_METABOLISM	-0.4939298	1	-1.15
HALLMARK_PI3K_AKT_MTOR_SIGNALING	-0.4907078	0.9968741	-1.15
HALLMARK_INTERFERON_ALPHA_RESPONSE	-0.4482114	0.97570616	-1.15
HALLMARK_PEROXISOME	-0.4081681	0.9548203	-1.15
HALLMARK_ALLOGRAFT_REJECTION	-0.4076628	0.93407077	-1.15
HALLMARK_UNFOLDED_PROTEIN_RESPONSE	-0.39392415	0.9143987	-1.15
HALLMARK_ANDROGEN_RESPONSE	-0.35553896	0.89563215	-1.15
HALLMARK_MTORC1_SIGNALING	-0.31958473	0.8774912	-1.15
HALLMARK_MYC_TARGETS_V2	1.0091056	0.46088436	-1.15
HALLMARK_DNA_REPAIR	NA	1	-1.15
HALLMARK_G2M_CHECKPOINT	NA	1	-1.15
HALLMARK_PROTEIN_SECRETION	NA	1	-1.15
HALLMARK_E2F_TARGETS	NA	1	-1.15
HALLMARK_MYC_TARGETS_V1	NA	1	-1.15
HALLMARK_OXIDATIVE_PHOSPHORYLATION	NA	1	-1.15
HALLMARK_ANGIOGENESIS	-2.1085305	0	-1.1
HALLMARK_MYOGENESIS	-2.0158875	2.2e-05	-1.1
HALLMARK_EPITHELIAL_MESENCHYMAL_TRANSITION	-1.8849437	0.00011733332	-1.1
HALLMARK_KRAS_SIGNALING_DN	-1.8706273	0.00012319998	-1.1
HALLMARK_COAGULATION	-1.6222494	0.0039379564	-1.1
HALLMARK_APICAL_JUNCTION	-1.3782872	0.060798552	-1.1
HALLMARK_APICAL_SURFACE	-1.3243878	0.10080812	-1.1
HALLMARK_WNT_BETA_CATENIN_SIGNALING	-1.2367989	0.24289148	-1.1
HALLMARK_PANCREAS_BETA_CELLS	-1.1594948	0.47928655	-1.1
HALLMARK_SPERMATOGENESIS	-1.1310207	0.5717129	-1.1
HALLMARK_INFLAMMATORY_RESPONSE	-1.1113337	0.6310974	-1.1
HALLMARK_XENOBIOTIC_METABOLISM	-1.0944362	0.67874664	-1.1
HALLMARK_IL6_JAK_STAT3_SIGNALING	-1.0767871	0.7276139	-1.1
HALLMARK_HEDGEHOG_SIGNALING	-1.0701493	0.7237199	-1.1
HALLMARK_NOTCH_SIGNALING	-1.063678	0.72018147	-1.1
HALLMARK_IL2_STAT5_SIGNALING	-0.9610613	1	-1.1
HALLMARK_CHOLESTEROL_HOMEOSTASIS	-0.9377322	1	-1.1
HALLMARK_UV_RESPONSE_DN	-0.9194891	1	-1.1
HALLMARK_HYPOXIA	-0.90626806	1	-1.1
HALLMARK_KRAS_SIGNALING_UP	-0.89819145	1	-1.1
HALLMARK_COMPLEMENT	-0.8654189	1	-1.1
HALLMARK_ESTROGEN_RESPONSE_EARLY	-0.83162326	1	-1.1
HALLMARK_ESTROGEN_RESPONSE_LATE	-0.830709	1	-1.1
HALLMARK_TNFA_SIGNALING_VIA_NFKB	-0.7737666	1	-1.1
HALLMARK_P53_PATHWAY	-0.76622856	1	-1.1
HALLMARK_MITOTIC_SPINDLE	-0.72150266	1	-1.1
HALLMARK_UV_RESPONSE_UP	-0.6909889	1	-1.1
HALLMARK_INTERFERON_GAMMA_RESPONSE	-0.66792595	1	-1.1
HALLMARK_ADIPOGENESIS	-0.6601087	1	-1.1
HALLMARK_BILE_ACID_METABOLISM	-0.6466752	1	-1.1
HALLMARK_REACTIVE_OXYGEN_SPECIES_PATHWAY	-0.6466624	1	-1.1
HALLMARK_TGF_BETA_SIGNALING	-0.6290546	1	-1.1
HALLMARK_APOPTOSIS	-0.60258365	1	-1.1
HALLMARK_HEME_METABOLISM	-0.54527646	1	-1.1
HALLMARK_GLYCOLYSIS	-0.5407038	1	-1.1
HALLMARK_MYC_TARGETS_V2	-0.522431	1	-1.1
HALLMARK_PI3K_AKT_MTOR_SIGNALING	-0.50941443	1	-1.1
HALLMARK_FATTY_ACID_METABOLISM	-0.50854415	0.9966744	-1.1
HALLMARK_INTERFERON_ALPHA_RESPONSE	-0.44863325	0.9765318	-1.1
HALLMARK_PEROXISOME	-0.42059362	0.9557666	-1.1
HALLMARK_ALLOGRAFT_REJECTION	-0.4195527	0.9354536	-1.1
HALLMARK_UNFOLDED_PROTEIN_RESPONSE	-0.40917167	0.9160532	-1.1
HALLMARK_ANDROGEN_RESPONSE	-0.376427	0.8976318	-1.1
HALLMARK_MTORC1_SIGNALING	-0.34369195	0.8798484	-1.1
HALLMARK_DNA_REPAIR	NA	1	-1.1
HALLMARK_G2M_CHECKPOINT	NA	1	-1.1
HALLMARK_PROTEIN_SECRETION	NA	1	-1.1
HALLMARK_E2F_TARGETS	NA	1	-1.1
HALLMARK_MYC_TARGETS_V1	NA	1	-1.1
HALLMARK_OXIDATIVE_PHOSPHORYLATION	NA	1	-1.1
HALLMARK_ANGIOGENESIS	-2.0592856	0	-1.05
HALLMARK_MYOGENESIS	-1.9699728	0	-1.05
HALLMARK_EPITHELIAL_MESENCHYMAL_TRANSITION	-1.8494792	7.885714e-05	-1.05
HALLMARK_KRAS_SIGNALING_DN	-1.8393666	6.8999994e-05	-1.05
HALLMARK_COAGULATION	-1.6097302	0.004173167	-1.05
HALLMARK_APICAL_JUNCTION	-1.3564675	0.08639665	-1.05
HALLMARK_APICAL_SURFACE	-1.3145503	0.12668519	-1.05
HALLMARK_WNT_BETA_CATENIN_SIGNALING	-1.2326868	0.28340462	-1.05
HALLMARK_PANCREAS_BETA_CELLS	-1.1686296	0.5025682	-1.05
HALLMARK_SPERMATOGENESIS	-1.1308781	0.6606644	-1.05
HALLMARK_XENOBIOTIC_METABOLISM	-1.0942935	0.83376694	-1.05
HALLMARK_INFLAMMATORY_RESPONSE	-1.0937297	0.785145	-1.05
HALLMARK_HEDGEHOG_SIGNALING	-1.0688742	0.88768566	-1.05
HALLMARK_NOTCH_SIGNALING	-1.0637624	0.86950254	-1.05
HALLMARK_IL6_JAK_STAT3_SIGNALING	-1.0541517	0.87825245	-1.05
HALLMARK_IL2_STAT5_SIGNALING	-0.9480176	1	-1.05
HALLMARK_CHOLESTEROL_HOMEOSTASIS	-0.9346495	1	-1.05
HALLMARK_UV_RESPONSE_DN	-0.9125841	1	-1.05
HALLMARK_HYPOXIA	-0.9035499	1	-1.05
HALLMARK_KRAS_SIGNALING_UP	-0.89577913	1	-1.05
HALLMARK_COMPLEMENT	-0.8717341	1	-1.05
HALLMARK_ESTROGEN_RESPONSE_LATE	-0.8422577	1	-1.05
HALLMARK_ESTROGEN_RESPONSE_EARLY	-0.8353052	1	-1.05
HALLMARK_TNFA_SIGNALING_VIA_NFKB	-0.76665735	1	-1.05
HALLMARK_P53_PATHWAY	-0.76089513	1	-1.05
HALLMARK_MITOTIC_SPINDLE	-0.72931087	1	-1.05
HALLMARK_UV_RESPONSE_UP	-0.70028025	1	-1.05
HALLMARK_ADIPOGENESIS	-0.68075144	1	-1.05
HALLMARK_REACTIVE_OXYGEN_SPECIES_PATHWAY	-0.6700218	1	-1.05
HALLMARK_INTERFERON_GAMMA_RESPONSE	-0.6659526	1	-1.05
HALLMARK_BILE_ACID_METABOLISM	-0.6641485	1	-1.05
HALLMARK_TGF_BETA_SIGNALING	-0.62122536	1	-1.05
HALLMARK_APOPTOSIS	-0.60900086	1	-1.05
HALLMARK_HEME_METABOLISM	-0.5626678	1	-1.05
HALLMARK_GLYCOLYSIS	-0.5611877	1	-1.05
HALLMARK_MYC_TARGETS_V2	-0.5474375	1	-1.05
HALLMARK_PI3K_AKT_MTOR_SIGNALING	-0.5308003	1	-1.05
HALLMARK_FATTY_ACID_METABOLISM	-0.52451074	1	-1.05
HALLMARK_INTERFERON_ALPHA_RESPONSE	-0.45326465	1	-1.05
HALLMARK_PEROXISOME	-0.4393903	1	-1.05
HALLMARK_DNA_REPAIR	-0.43057403	1	-1.05
HALLMARK_UNFOLDED_PROTEIN_RESPONSE	-0.42957452	0.99912673	-1.05
HALLMARK_ALLOGRAFT_REJECTION	-0.427925	0.9779001	-1.05
HALLMARK_ANDROGEN_RESPONSE	-0.39985737	0.95789194	-1.05
HALLMARK_G2M_CHECKPOINT	-0.37102768	0.93853855	-1.05
HALLMARK_MTORC1_SIGNALING	-0.36880237	0.9197751	-1.05
HALLMARK_PROTEIN_SECRETION	NA	1	-1.05
HALLMARK_E2F_TARGETS	NA	1	-1.05
HALLMARK_MYC_TARGETS_V1	NA	1	-1.05
HALLMARK_OXIDATIVE_PHOSPHORYLATION	NA	1	-1.05
HALLMARK_ANGIOGENESIS	-2.0325885	0	-1
HALLMARK_MYOGENESIS	-1.9202863	0	-1
HALLMARK_EPITHELIAL_MESENCHYMAL_TRANSITION	-1.810108	0.00018399999	-1
HALLMARK_KRAS_SIGNALING_DN	-1.7989087	0.00025299995	-1
HALLMARK_COAGULATION	-1.5797849	0.005646418	-1
HALLMARK_APICAL_JUNCTION	-1.3299278	0.10689312	-1
HALLMARK_APICAL_SURFACE	-1.2977878	0.13921693	-1
HALLMARK_WNT_BETA_CATENIN_SIGNALING	-1.2191747	0.3077028	-1
HALLMARK_PANCREAS_BETA_CELLS	-1.1644281	0.5002224	-1
HALLMARK_SPERMATOGENESIS	-1.1334796	0.623248	-1
HALLMARK_XENOBIOTIC_METABOLISM	-1.0994872	0.7806654	-1
HALLMARK_NOTCH_SIGNALING	-1.0774107	0.8701148	-1
HALLMARK_INFLAMMATORY_RESPONSE	-1.0723969	0.8494273	-1
HALLMARK_HEDGEHOG_SIGNALING	-1.0565834	0.89908886	-1
HALLMARK_IL6_JAK_STAT3_SIGNALING	-1.0285479	1	-1
HALLMARK_CHOLESTEROL_HOMEOSTASIS	-0.9542328	1	-1
HALLMARK_IL2_STAT5_SIGNALING	-0.93203133	1	-1
HALLMARK_UV_RESPONSE_DN	-0.9083221	1	-1
HALLMARK_HYPOXIA	-0.9049617	1	-1
HALLMARK_KRAS_SIGNALING_UP	-0.8923829	1	-1
HALLMARK_COMPLEMENT	-0.8800604	1	-1
HALLMARK_ESTROGEN_RESPONSE_LATE	-0.8498244	1	-1
HALLMARK_ESTROGEN_RESPONSE_EARLY	-0.83962727	1	-1
HALLMARK_TNFA_SIGNALING_VIA_NFKB	-0.7620515	1	-1
HALLMARK_P53_PATHWAY	-0.75501	1	-1
HALLMARK_MITOTIC_SPINDLE	-0.7367951	1	-1
HALLMARK_UV_RESPONSE_UP	-0.7095207	1	-1
HALLMARK_ADIPOGENESIS	-0.7004495	1	-1
HALLMARK_REACTIVE_OXYGEN_SPECIES_PATHWAY	-0.683721	1	-1
HALLMARK_BILE_ACID_METABOLISM	-0.68215287	1	-1
HALLMARK_INTERFERON_GAMMA_RESPONSE	-0.66569376	1	-1
HALLMARK_TGF_BETA_SIGNALING	-0.6126743	1	-1
HALLMARK_APOPTOSIS	-0.6115326	1	-1
HALLMARK_HEME_METABOLISM	-0.58353496	1	-1
HALLMARK_GLYCOLYSIS	-0.5785323	1	-1
HALLMARK_MYC_TARGETS_V2	-0.5721933	1	-1
HALLMARK_PI3K_AKT_MTOR_SIGNALING	-0.5519209	1	-1
HALLMARK_FATTY_ACID_METABOLISM	-0.54323274	1	-1
HALLMARK_INTERFERON_ALPHA_RESPONSE	-0.4699217	1	-1
HALLMARK_PEROXISOME	-0.4646045	1	-1
HALLMARK_UNFOLDED_PROTEIN_RESPONSE	-0.44968462	1	-1
HALLMARK_DNA_REPAIR	-0.44964984	0.9989147	-1
HALLMARK_ALLOGRAFT_REJECTION	-0.43217504	0.97787297	-1
HALLMARK_ANDROGEN_RESPONSE	-0.431124	0.9575159	-1
HALLMARK_MTORC1_SIGNALING	-0.38998508	0.9383846	-1
HALLMARK_G2M_CHECKPOINT	-0.38377437	0.9196648	-1
HALLMARK_PROTEIN_SECRETION	NA	1	-1
HALLMARK_E2F_TARGETS	NA	1	-1
HALLMARK_MYC_TARGETS_V1	NA	1	-1
HALLMARK_OXIDATIVE_PHOSPHORYLATION	NA	1	-1
HALLMARK_ANGIOGENESIS	-1.977735	0	-0.95
HALLMARK_MYOGENESIS	-1.876147	0	-0.95
HALLMARK_EPITHELIAL_MESENCHYMAL_TRANSITION	-1.7712605	0.0002365714	-0.95
HALLMARK_KRAS_SIGNALING_DN	-1.7676394	0.00020699996	-0.95
HALLMARK_COAGULATION	-1.5644433	0.005421112	-0.95
HALLMARK_APICAL_JUNCTION	-1.3117641	0.11496749	-0.95
HALLMARK_APICAL_SURFACE	-1.2949418	0.12744382	-0.95
HALLMARK_WNT_BETA_CATENIN_SIGNALING	-1.1926762	0.378255	-0.95
HALLMARK_PANCREAS_BETA_CELLS	-1.1739923	0.42648134	-0.95
HALLMARK_SPERMATOGENESIS	-1.1265552	0.6353207	-0.95
HALLMARK_XENOBIOTIC_METABOLISM	-1.0993973	0.7559995	-0.95
HALLMARK_NOTCH_SIGNALING	-1.0843089	0.80351454	-0.95
HALLMARK_HEDGEHOG_SIGNALING	-1.0508436	0.97959137	-0.95
HALLMARK_INFLAMMATORY_RESPONSE	-1.0499913	0.9308056	-0.95
HALLMARK_IL6_JAK_STAT3_SIGNALING	-1.006605	1	-0.95
HALLMARK_CHOLESTEROL_HOMEOSTASIS	-0.95611227	1	-0.95
HALLMARK_IL2_STAT5_SIGNALING	-0.9099827	1	-0.95
HALLMARK_HYPOXIA	-0.90104634	1	-0.95
HALLMARK_UV_RESPONSE_DN	-0.8999381	1	-0.95
HALLMARK_KRAS_SIGNALING_UP	-0.8872956	1	-0.95
HALLMARK_COMPLEMENT	-0.8838634	1	-0.95
HALLMARK_ESTROGEN_RESPONSE_LATE	-0.8647796	1	-0.95
HALLMARK_ESTROGEN_RESPONSE_EARLY	-0.843182	1	-0.95
HALLMARK_P53_PATHWAY	-0.7542498	1	-0.95
HALLMARK_TNFA_SIGNALING_VIA_NFKB	-0.7476435	1	-0.95
HALLMARK_MITOTIC_SPINDLE	-0.7414002	1	-0.95
HALLMARK_ADIPOGENESIS	-0.72186863	1	-0.95
HALLMARK_UV_RESPONSE_UP	-0.71809876	1	-0.95
HALLMARK_BILE_ACID_METABOLISM	-0.70112455	1	-0.95
HALLMARK_REACTIVE_OXYGEN_SPECIES_PATHWAY	-0.7000564	1	-0.95
HALLMARK_INTERFERON_GAMMA_RESPONSE	-0.6621945	1	-0.95
HALLMARK_APOPTOSIS	-0.6180001	1	-0.95
HALLMARK_TGF_BETA_SIGNALING	-0.606997	1	-0.95
HALLMARK_HEME_METABOLISM	-0.60620713	1	-0.95
HALLMARK_MYC_TARGETS_V2	-0.6001773	1	-0.95
HALLMARK_GLYCOLYSIS	-0.59629256	1	-0.95
HALLMARK_PI3K_AKT_MTOR_SIGNALING	-0.57188874	1	-0.95
HALLMARK_FATTY_ACID_METABOLISM	-0.5609901	1	-0.95
HALLMARK_INTERFERON_ALPHA_RESPONSE	-0.48843107	1	-0.95
HALLMARK_PEROXISOME	-0.4847847	1	-0.95
HALLMARK_UNFOLDED_PROTEIN_RESPONSE	-0.47139972	1	-0.95
HALLMARK_DNA_REPAIR	-0.4684082	0.99877805	-0.95
HALLMARK_ANDROGEN_RESPONSE	-0.46284992	0.9776451	-0.95
HALLMARK_ALLOGRAFT_REJECTION	-0.4342797	0.9577266	-0.95
HALLMARK_MTORC1_SIGNALING	-0.41207835	0.9383617	-0.95
HALLMARK_G2M_CHECKPOINT	-0.38859442	0.9197641	-0.95
HALLMARK_PROTEIN_SECRETION	NA	1	-0.95
HALLMARK_E2F_TARGETS	NA	1	-0.95
HALLMARK_MYC_TARGETS_V1	NA	1	-0.95
HALLMARK_OXIDATIVE_PHOSPHORYLATION	NA	1	-0.95
HALLMARK_ANGIOGENESIS	-1.9334918	3.68e-05	-0.9
HALLMARK_MYOGENESIS	-1.8321973	3.0666666e-05	-0.9
HALLMARK_KRAS_SIGNALING_DN	-1.7289793	0.00031596498	-0.9
HALLMARK_EPITHELIAL_MESENCHYMAL_TRANSITION	-1.7228171	0.00034546937	-0.9
HALLMARK_COAGULATION	-1.5361621	0.005665193	-0.9
HALLMARK_APICAL_JUNCTION	-1.2904459	0.1281074	-0.9
HALLMARK_APICAL_SURFACE	-1.2754968	0.14060733	-0.9
HALLMARK_WNT_BETA_CATENIN_SIGNALING	-1.1766735	0.418355	-0.9
HALLMARK_PANCREAS_BETA_CELLS	-1.1740227	0.39693496	-0.9
HALLMARK_SPERMATOGENESIS	-1.125297	0.6154295	-0.9
HALLMARK_XENOBIOTIC_METABOLISM	-1.1013407	0.72162026	-0.9
HALLMARK_NOTCH_SIGNALING	-1.0817034	0.802928	-0.9
HALLMARK_HEDGEHOG_SIGNALING	-1.0414772	1	-0.9
HALLMARK_INFLAMMATORY_RESPONSE	-1.0281057	1	-0.9
HALLMARK_IL6_JAK_STAT3_SIGNALING	-0.9853443	1	-0.9
HALLMARK_CHOLESTEROL_HOMEOSTASIS	-0.9721015	1	-0.9
HALLMARK_HYPOXIA	-0.90119374	1	-0.9
HALLMARK_COMPLEMENT	-0.889504	1	-0.9
HALLMARK_IL2_STAT5_SIGNALING	-0.8880494	1	-0.9
HALLMARK_UV_RESPONSE_DN	-0.88798165	1	-0.9
HALLMARK_KRAS_SIGNALING_UP	-0.87387174	1	-0.9
HALLMARK_ESTROGEN_RESPONSE_LATE	-0.870565	1	-0.9
HALLMARK_ESTROGEN_RESPONSE_EARLY	-0.84578776	1	-0.9
HALLMARK_P53_PATHWAY	-0.7521537	1	-0.9
HALLMARK_MITOTIC_SPINDLE	-0.7471168	1	-0.9
HALLMARK_ADIPOGENESIS	-0.74561614	1	-0.9
HALLMARK_TNFA_SIGNALING_VIA_NFKB	-0.73718685	1	-0.9
HALLMARK_UV_RESPONSE_UP	-0.7280248	1	-0.9
HALLMARK_BILE_ACID_METABOLISM	-0.72302914	1	-0.9
HALLMARK_REACTIVE_OXYGEN_SPECIES_PATHWAY	-0.7177327	1	-0.9
HALLMARK_INTERFERON_GAMMA_RESPONSE	-0.6576431	1	-0.9
HALLMARK_MYC_TARGETS_V2	-0.63247776	1	-0.9
HALLMARK_HEME_METABOLISM	-0.6313433	1	-0.9
HALLMARK_APOPTOSIS	-0.6234552	1	-0.9
HALLMARK_GLYCOLYSIS	-0.6106659	1	-0.9
HALLMARK_TGF_BETA_SIGNALING	-0.6016862	1	-0.9
HALLMARK_PI3K_AKT_MTOR_SIGNALING	-0.59431034	1	-0.9
HALLMARK_FATTY_ACID_METABOLISM	-0.58036774	1	-0.9
HALLMARK_INTERFERON_ALPHA_RESPONSE	-0.5081574	1	-0.9
HALLMARK_PEROXISOME	-0.50568926	1	-0.9
HALLMARK_ANDROGEN_RESPONSE	-0.49823204	1	-0.9
HALLMARK_UNFOLDED_PROTEIN_RESPONSE	-0.49785203	0.99840593	-0.9
HALLMARK_DNA_REPAIR	-0.49161223	0.9773044	-0.9
HALLMARK_MTORC1_SIGNALING	-0.43428877	0.9578229	-0.9
HALLMARK_ALLOGRAFT_REJECTION	-0.4274809	0.93832433	-0.9
HALLMARK_G2M_CHECKPOINT	-0.3893677	0.9198268	-0.9
HALLMARK_PROTEIN_SECRETION	NA	1	-0.9
HALLMARK_E2F_TARGETS	NA	1	-0.9
HALLMARK_MYC_TARGETS_V1	NA	1	-0.9
HALLMARK_OXIDATIVE_PHOSPHORYLATION	NA	1	-0.9
HALLMARK_ANGIOGENESIS	-1.8880795	0	-0.85
HALLMARK_MYOGENESIS	-1.784958	3.0666666e-05	-0.85
HALLMARK_KRAS_SIGNALING_DN	-1.6918638	0.00042057145	-0.85
HALLMARK_EPITHELIAL_MESENCHYMAL_TRANSITION	-1.6800514	0.00046	-0.85
HALLMARK_COAGULATION	-1.5061468	0.0073232776	-0.85
HALLMARK_APICAL_JUNCTION	-1.26592	0.15582749	-0.85
HALLMARK_APICAL_SURFACE	-1.2586561	0.15561646	-0.85
HALLMARK_WNT_BETA_CATENIN_SIGNALING	-1.1654109	0.4447115	-0.85
HALLMARK_PANCREAS_BETA_CELLS	-1.1631651	0.42131966	-0.85
HALLMARK_SPERMATOGENESIS	-1.1206226	0.61903167	-0.85
HALLMARK_XENOBIOTIC_METABOLISM	-1.1061999	0.6654202	-0.85
HALLMARK_NOTCH_SIGNALING	-1.0839903	0.7689047	-0.85
HALLMARK_HEDGEHOG_SIGNALING	-1.0331421	1	-0.85
HALLMARK_INFLAMMATORY_RESPONSE	-0.9985414	1	-0.85
HALLMARK_CHOLESTEROL_HOMEOSTASIS	-0.9735247	1	-0.85
HALLMARK_IL6_JAK_STAT3_SIGNALING	-0.9652819	1	-0.85
HALLMARK_HYPOXIA	-0.89476055	1	-0.85
HALLMARK_COMPLEMENT	-0.8907128	1	-0.85
HALLMARK_ESTROGEN_RESPONSE_LATE	-0.8840775	1	-0.85
HALLMARK_UV_RESPONSE_DN	-0.8788093	1	-0.85
HALLMARK_IL2_STAT5_SIGNALING	-0.8654339	1	-0.85
HALLMARK_KRAS_SIGNALING_UP	-0.864649	1	-0.85
HALLMARK_ESTROGEN_RESPONSE_EARLY	-0.8489067	1	-0.85
HALLMARK_ADIPOGENESIS	-0.7654232	1	-0.85
HALLMARK_MITOTIC_SPINDLE	-0.75291294	1	-0.85
HALLMARK_P53_PATHWAY	-0.74779063	1	-0.85
HALLMARK_REACTIVE_OXYGEN_SPECIES_PATHWAY	-0.73966384	1	-0.85
HALLMARK_UV_RESPONSE_UP	-0.7337001	1	-0.85
HALLMARK_BILE_ACID_METABOLISM	-0.73167014	1	-0.85
HALLMARK_TNFA_SIGNALING_VIA_NFKB	-0.72004014	1	-0.85
HALLMARK_HEME_METABOLISM	-0.6548958	1	-0.85
HALLMARK_MYC_TARGETS_V2	-0.6536771	1	-0.85
HALLMARK_INTERFERON_GAMMA_RESPONSE	-0.64997745	1	-0.85
HALLMARK_APOPTOSIS	-0.6289727	1	-0.85
HALLMARK_GLYCOLYSIS	-0.6253863	1	-0.85
HALLMARK_PI3K_AKT_MTOR_SIGNALING	-0.61613524	1	-0.85
HALLMARK_FATTY_ACID_METABOLISM	-0.6048168	1	-0.85
HALLMARK_TGF_BETA_SIGNALING	-0.599513	1	-0.85
HALLMARK_ANDROGEN_RESPONSE	-0.5279954	1	-0.85
HALLMARK_INTERFERON_ALPHA_RESPONSE	-0.5250096	1	-0.85
HALLMARK_PEROXISOME	-0.5248462	1	-0.85
HALLMARK_UNFOLDED_PROTEIN_RESPONSE	-0.518365	0.9979577	-0.85
HALLMARK_DNA_REPAIR	-0.51116514	0.9769596	-0.85
HALLMARK_MTORC1_SIGNALING	-0.4476033	0.9577384	-0.85
HALLMARK_ALLOGRAFT_REJECTION	-0.41851026	0.9384823	-0.85
HALLMARK_G2M_CHECKPOINT	-0.39202496	0.91985255	-0.85
HALLMARK_PROTEIN_SECRETION	NA	1	-0.85
HALLMARK_E2F_TARGETS	NA	1	-0.85
HALLMARK_MYC_TARGETS_V1	NA	1	-0.85
HALLMARK_OXIDATIVE_PHOSPHORYLATION	NA	1	-0.85
HALLMARK_ANGIOGENESIS	-1.8422258	0	-0.8
HALLMARK_MYOGENESIS	-1.7390223	0.00012266666	-0.8
HALLMARK_KRAS_SIGNALING_DN	-1.6526474	0.00060457154	-0.8
HALLMARK_EPITHELIAL_MESENCHYMAL_TRANSITION	-1.6393429	0.0006670001	-0.8
HALLMARK_COAGULATION	-1.4804002	0.00789447	-0.8
HALLMARK_APICAL_SURFACE	-1.2457767	0.17707253	-0.8
HALLMARK_APICAL_JUNCTION	-1.2393738	0.1752483	-0.8
HALLMARK_PANCREAS_BETA_CELLS	-1.1674907	0.3984612	-0.8
HALLMARK_WNT_BETA_CATENIN_SIGNALING	-1.155738	0.42326954	-0.8
HALLMARK_SPERMATOGENESIS	-1.1078777	0.6737223	-0.8
HALLMARK_XENOBIOTIC_METABOLISM	-1.1072993	0.6321696	-0.8
HALLMARK_NOTCH_SIGNALING	-1.1000217	0.63834614	-0.8
HALLMARK_HEDGEHOG_SIGNALING	-1.0355047	1	-0.8
HALLMARK_CHOLESTEROL_HOMEOSTASIS	-0.98494583	1	-0.8
HALLMARK_INFLAMMATORY_RESPONSE	-0.97741956	1	-0.8
HALLMARK_IL6_JAK_STAT3_SIGNALING	-0.93827564	1	-0.8
HALLMARK_ESTROGEN_RESPONSE_LATE	-0.89413714	1	-0.8
HALLMARK_COMPLEMENT	-0.88751423	1	-0.8
HALLMARK_HYPOXIA	-0.88601774	1	-0.8
HALLMARK_UV_RESPONSE_DN	-0.8719898	1	-0.8
HALLMARK_ESTROGEN_RESPONSE_EARLY	-0.85440075	1	-0.8
HALLMARK_KRAS_SIGNALING_UP	-0.8515118	1	-0.8
HALLMARK_IL2_STAT5_SIGNALING	-0.83643115	1	-0.8
HALLMARK_ADIPOGENESIS	-0.7896145	1	-0.8
HALLMARK_MITOTIC_SPINDLE	-0.757924	1	-0.8
HALLMARK_REACTIVE_OXYGEN_SPECIES_PATHWAY	-0.754887	1	-0.8
HALLMARK_P53_PATHWAY	-0.7438742	1	-0.8
HALLMARK_UV_RESPONSE_UP	-0.74114	1	-0.8
HALLMARK_BILE_ACID_METABOLISM	-0.7400259	1	-0.8
HALLMARK_TNFA_SIGNALING_VIA_NFKB	-0.7003336	1	-0.8
HALLMARK_HEME_METABOLISM	-0.68112326	1	-0.8
HALLMARK_MYC_TARGETS_V2	-0.6732367	1	-0.8
HALLMARK_INTERFERON_GAMMA_RESPONSE	-0.63613707	1	-0.8
HALLMARK_GLYCOLYSIS	-0.6350771	1	-0.8
HALLMARK_PI3K_AKT_MTOR_SIGNALING	-0.63222367	1	-0.8
HALLMARK_APOPTOSIS	-0.6313108	1	-0.8
HALLMARK_FATTY_ACID_METABOLISM	-0.6297899	1	-0.8
HALLMARK_TGF_BETA_SIGNALING	-0.58644694	1	-0.8
HALLMARK_ANDROGEN_RESPONSE	-0.55755156	1	-0.8
HALLMARK_INTERFERON_ALPHA_RESPONSE	-0.5426944	1	-0.8
HALLMARK_PEROXISOME	-0.54089266	1	-0.8
HALLMARK_DNA_REPAIR	-0.5262223	0.9980457	-0.8
HALLMARK_UNFOLDED_PROTEIN_RESPONSE	-0.52621347	0.9768107	-0.8
HALLMARK_MTORC1_SIGNALING	-0.45343307	0.95776147	-0.8
HALLMARK_G2M_CHECKPOINT	-0.3862504	0.93863267	-0.8
HALLMARK_E2F_TARGETS	-0.22361009	0.92	-0.8
HALLMARK_PROTEIN_SECRETION	NA	1	-0.8
HALLMARK_MYC_TARGETS_V1	NA	1	-0.8
HALLMARK_OXIDATIVE_PHOSPHORYLATION	NA	1	-0.8
HALLMARK_ALLOGRAFT_REJECTION	NA	1	-0.8
HALLMARK_ANGIOGENESIS	-1.7968334	3.68e-05	-0.75
HALLMARK_MYOGENESIS	-1.6927767	0.00015333333	-0.75
HALLMARK_KRAS_SIGNALING_DN	-1.625104	0.0005525365	-0.75
HALLMARK_EPITHELIAL_MESENCHYMAL_TRANSITION	-1.5909132	0.0010819383	-0.75
HALLMARK_COAGULATION	-1.4439625	0.011002504	-0.75
HALLMARK_APICAL_SURFACE	-1.2236065	0.21277337	-0.75
HALLMARK_APICAL_JUNCTION	-1.2169745	0.2109156	-0.75
HALLMARK_PANCREAS_BETA_CELLS	-1.1627938	0.39343017	-0.75
HALLMARK_WNT_BETA_CATENIN_SIGNALING	-1.1561373	0.39559945	-0.75
HALLMARK_XENOBIOTIC_METABOLISM	-1.1120547	0.61653614	-0.75
HALLMARK_NOTCH_SIGNALING	-1.1067278	0.60991377	-0.75
HALLMARK_SPERMATOGENESIS	-1.0982842	0.62574786	-0.75
HALLMARK_HEDGEHOG_SIGNALING	-1.0339369	1	-0.75
HALLMARK_CHOLESTEROL_HOMEOSTASIS	-0.9946578	1	-0.75
HALLMARK_INFLAMMATORY_RESPONSE	-0.9480229	1	-0.75
HALLMARK_IL6_JAK_STAT3_SIGNALING	-0.9165823	1	-0.75
HALLMARK_ESTROGEN_RESPONSE_LATE	-0.8936347	1	-0.75
HALLMARK_COMPLEMENT	-0.889422	1	-0.75
HALLMARK_HYPOXIA	-0.8775589	1	-0.75
HALLMARK_UV_RESPONSE_DN	-0.8603666	1	-0.75
HALLMARK_ESTROGEN_RESPONSE_EARLY	-0.8500169	1	-0.75
HALLMARK_KRAS_SIGNALING_UP	-0.8365422	1	-0.75
HALLMARK_IL2_STAT5_SIGNALING	-0.80881584	1	-0.75
HALLMARK_ADIPOGENESIS	-0.80758244	1	-0.75
HALLMARK_REACTIVE_OXYGEN_SPECIES_PATHWAY	-0.7634911	1	-0.75
HALLMARK_MITOTIC_SPINDLE	-0.760954	1	-0.75
HALLMARK_UV_RESPONSE_UP	-0.7495801	1	-0.75
HALLMARK_BILE_ACID_METABOLISM	-0.7480663	1	-0.75
HALLMARK_P53_PATHWAY	-0.7366405	1	-0.75
HALLMARK_HEME_METABOLISM	-0.7054222	1	-0.75
HALLMARK_MYC_TARGETS_V2	-0.68927836	1	-0.75
HALLMARK_TNFA_SIGNALING_VIA_NFKB	-0.6842559	1	-0.75
HALLMARK_FATTY_ACID_METABOLISM	-0.6550697	1	-0.75
HALLMARK_PI3K_AKT_MTOR_SIGNALING	-0.63522285	1	-0.75
HALLMARK_GLYCOLYSIS	-0.634865	1	-0.75
HALLMARK_APOPTOSIS	-0.63022906	1	-0.75
HALLMARK_INTERFERON_GAMMA_RESPONSE	-0.6215992	1	-0.75
HALLMARK_ANDROGEN_RESPONSE	-0.5809669	1	-0.75
HALLMARK_TGF_BETA_SIGNALING	-0.5769125	1	-0.75
HALLMARK_INTERFERON_ALPHA_RESPONSE	-0.5616972	1	-0.75
HALLMARK_PEROXISOME	-0.5478065	1	-0.75
HALLMARK_DNA_REPAIR	-0.54520345	0.9977253	-0.75
HALLMARK_UNFOLDED_PROTEIN_RESPONSE	-0.5316314	0.9768815	-0.75
HALLMARK_MTORC1_SIGNALING	-0.44439846	0.9578192	-0.75
HALLMARK_G2M_CHECKPOINT	-0.3618606	0.9387342	-0.75
HALLMARK_E2F_TARGETS	-0.24028468	0.92	-0.75
HALLMARK_PROTEIN_SECRETION	NA	1	-0.75
HALLMARK_MYC_TARGETS_V1	NA	1	-0.75
HALLMARK_OXIDATIVE_PHOSPHORYLATION	NA	1	-0.75
HALLMARK_ALLOGRAFT_REJECTION	NA	1	-0.75
HALLMARK_ANGIOGENESIS	-1.7579633	3.68e-05	-0.7
HALLMARK_MYOGENESIS	-1.6543611	0.00030666662	-0.7
HALLMARK_KRAS_SIGNALING_DN	-1.58124	0.000998857	-0.7
HALLMARK_EPITHELIAL_MESENCHYMAL_TRANSITION	-1.5531019	0.001632999	-0.7
HALLMARK_COAGULATION	-1.420697	0.012189551	-0.7
HALLMARK_APICAL_SURFACE	-1.2045238	0.25199577	-0.7
HALLMARK_APICAL_JUNCTION	-1.1958225	0.25828642	-0.7
HALLMARK_PANCREAS_BETA_CELLS	-1.1567513	0.40045097	-0.7
HALLMARK_WNT_BETA_CATENIN_SIGNALING	-1.1423401	0.44348252	-0.7
HALLMARK_XENOBIOTIC_METABOLISM	-1.1164427	0.5665555	-0.7
HALLMARK_NOTCH_SIGNALING	-1.1110443	0.5624902	-0.7
HALLMARK_SPERMATOGENESIS	-1.0810356	0.73318887	-0.7
HALLMARK_HEDGEHOG_SIGNALING	-1.0385425	1	-0.7
HALLMARK_CHOLESTEROL_HOMEOSTASIS	-1.0044745	1	-0.7
HALLMARK_INFLAMMATORY_RESPONSE	-0.92483693	1	-0.7
HALLMARK_ESTROGEN_RESPONSE_LATE	-0.89816254	1	-0.7
HALLMARK_IL6_JAK_STAT3_SIGNALING	-0.89708036	1	-0.7
HALLMARK_COMPLEMENT	-0.8920899	1	-0.7
HALLMARK_HYPOXIA	-0.87240946	1	-0.7
HALLMARK_ESTROGEN_RESPONSE_EARLY	-0.8558128	1	-0.7
HALLMARK_UV_RESPONSE_DN	-0.8475379	1	-0.7
HALLMARK_ADIPOGENESIS	-0.8216368	1	-0.7
HALLMARK_KRAS_SIGNALING_UP	-0.8205916	1	-0.7
HALLMARK_IL2_STAT5_SIGNALING	-0.77669525	1	-0.7
HALLMARK_REACTIVE_OXYGEN_SPECIES_PATHWAY	-0.77350485	1	-0.7
HALLMARK_MITOTIC_SPINDLE	-0.76485443	1	-0.7
HALLMARK_UV_RESPONSE_UP	-0.75873977	1	-0.7
HALLMARK_BILE_ACID_METABOLISM	-0.7503925	1	-0.7
HALLMARK_HEME_METABOLISM	-0.7380394	1	-0.7
HALLMARK_P53_PATHWAY	-0.73768383	1	-0.7
HALLMARK_MYC_TARGETS_V2	-0.7059059	1	-0.7
HALLMARK_FATTY_ACID_METABOLISM	-0.6869104	1	-0.7
HALLMARK_TNFA_SIGNALING_VIA_NFKB	-0.6622626	1	-0.7
HALLMARK_GLYCOLYSIS	-0.6473291	1	-0.7
HALLMARK_PI3K_AKT_MTOR_SIGNALING	-0.63006616	1	-0.7
HALLMARK_APOPTOSIS	-0.6267768	1	-0.7
HALLMARK_INTERFERON_GAMMA_RESPONSE	-0.61642325	1	-0.7
HALLMARK_ANDROGEN_RESPONSE	-0.5900755	1	-0.7
HALLMARK_INTERFERON_ALPHA_RESPONSE	-0.5819831	1	-0.7
HALLMARK_TGF_BETA_SIGNALING	-0.5710182	1	-0.7
HALLMARK_PEROXISOME	-0.55380666	1	-0.7
HALLMARK_DNA_REPAIR	-0.5515379	0.99779314	-0.7
HALLMARK_UNFOLDED_PROTEIN_RESPONSE	-0.54237574	0.9768497	-0.7
HALLMARK_MTORC1_SIGNALING	-0.43576407	0.95800716	-0.7
HALLMARK_G2M_CHECKPOINT	-0.33237895	0.9387567	-0.7
HALLMARK_E2F_TARGETS	-0.2663527	0.92	-0.7
HALLMARK_PROTEIN_SECRETION	NA	1	-0.7
HALLMARK_MYC_TARGETS_V1	NA	1	-0.7
HALLMARK_OXIDATIVE_PHOSPHORYLATION	NA	1	-0.7
HALLMARK_ALLOGRAFT_REJECTION	NA	1	-0.7
HALLMARK_ANGIOGENESIS	-1.7214776	0.00011115102	-0.65
HALLMARK_MYOGENESIS	-1.6241163	0.00049191836	-0.65
HALLMARK_KRAS_SIGNALING_DN	-1.5556655	0.0013427169	-0.65
HALLMARK_EPITHELIAL_MESENCHYMAL_TRANSITION	-1.5126898	0.0025318759	-0.65
HALLMARK_COAGULATION	-1.4001946	0.015584651	-0.65
HALLMARK_APICAL_SURFACE	-1.1852511	0.3012615	-0.65
HALLMARK_APICAL_JUNCTION	-1.1737068	0.3219204	-0.65
HALLMARK_PANCREAS_BETA_CELLS	-1.1506168	0.40381336	-0.65
HALLMARK_WNT_BETA_CATENIN_SIGNALING	-1.130268	0.4885841	-0.65
HALLMARK_XENOBIOTIC_METABOLISM	-1.1291544	0.46044356	-0.65
HALLMARK_NOTCH_SIGNALING	-1.1154195	0.5115038	-0.65
HALLMARK_SPERMATOGENESIS	-1.0654153	0.8373139	-0.65
HALLMARK_HEDGEHOG_SIGNALING	-1.0416143	0.99001026	-0.65
HALLMARK_CHOLESTEROL_HOMEOSTASIS	-1.0128915	1	-0.65
HALLMARK_INFLAMMATORY_RESPONSE	-0.89717126	1	-0.65
HALLMARK_ESTROGEN_RESPONSE_LATE	-0.8970759	1	-0.65
HALLMARK_COMPLEMENT	-0.8936474	1	-0.65
HALLMARK_IL6_JAK_STAT3_SIGNALING	-0.89113396	1	-0.65
HALLMARK_HYPOXIA	-0.868648	1	-0.65
HALLMARK_ESTROGEN_RESPONSE_EARLY	-0.8548944	1	-0.65
HALLMARK_UV_RESPONSE_DN	-0.8384739	1	-0.65
HALLMARK_ADIPOGENESIS	-0.8346129	1	-0.65
HALLMARK_KRAS_SIGNALING_UP	-0.8083366	1	-0.65
HALLMARK_REACTIVE_OXYGEN_SPECIES_PATHWAY	-0.7750938	1	-0.65
HALLMARK_UV_RESPONSE_UP	-0.7702248	1	-0.65
HALLMARK_HEME_METABOLISM	-0.77007025	1	-0.65
HALLMARK_MITOTIC_SPINDLE	-0.76804286	1	-0.65
HALLMARK_BILE_ACID_METABOLISM	-0.75141424	1	-0.65
HALLMARK_IL2_STAT5_SIGNALING	-0.7499076	1	-0.65
HALLMARK_P53_PATHWAY	-0.73473126	1	-0.65
HALLMARK_FATTY_ACID_METABOLISM	-0.7221878	1	-0.65
HALLMARK_MYC_TARGETS_V2	-0.7200922	1	-0.65
HALLMARK_GLYCOLYSIS	-0.6562635	1	-0.65
HALLMARK_TNFA_SIGNALING_VIA_NFKB	-0.63862336	1	-0.65
HALLMARK_PI3K_AKT_MTOR_SIGNALING	-0.6264758	1	-0.65
HALLMARK_INTERFERON_GAMMA_RESPONSE	-0.6146689	1	-0.65
HALLMARK_APOPTOSIS	-0.61456	1	-0.65
HALLMARK_INTERFERON_ALPHA_RESPONSE	-0.59866977	1	-0.65
HALLMARK_ANDROGEN_RESPONSE	-0.59506565	1	-0.65
HALLMARK_PEROXISOME	-0.5577869	1	-0.65
HALLMARK_UNFOLDED_PROTEIN_RESPONSE	-0.5457127	1	-0.65
HALLMARK_TGF_BETA_SIGNALING	-0.5445518	0.99807346	-0.65
HALLMARK_DNA_REPAIR	-0.54305845	0.9768731	-0.65
HALLMARK_MTORC1_SIGNALING	-0.4299566	0.9580609	-0.65
HALLMARK_G2M_CHECKPOINT	-0.3192929	0.938768	-0.65
HALLMARK_E2F_TARGETS	-0.28138164	0.92	-0.65
HALLMARK_PROTEIN_SECRETION	NA	1	-0.65
HALLMARK_MYC_TARGETS_V1	NA	1	-0.65
HALLMARK_OXIDATIVE_PHOSPHORYLATION	NA	1	-0.65
HALLMARK_ALLOGRAFT_REJECTION	NA	1	-0.65
HALLMARK_ANGIOGENESIS	-1.6845343	0.0001472	-0.6
HALLMARK_MYOGENESIS	-1.5913268	0.0005826667	-0.6
HALLMARK_KRAS_SIGNALING_DN	-1.5330495	0.0015251072	-0.6
HALLMARK_EPITHELIAL_MESENCHYMAL_TRANSITION	-1.477751	0.0044408743	-0.6
HALLMARK_COAGULATION	-1.3733512	0.020004502	-0.6
HALLMARK_APICAL_SURFACE	-1.158507	0.42974678	-0.6
HALLMARK_APICAL_JUNCTION	-1.1516259	0.4294906	-0.6
HALLMARK_PANCREAS_BETA_CELLS	-1.1397581	0.46103817	-0.6
HALLMARK_XENOBIOTIC_METABOLISM	-1.1343068	0.45639673	-0.6
HALLMARK_WNT_BETA_CATENIN_SIGNALING	-1.1175705	0.5247602	-0.6
HALLMARK_NOTCH_SIGNALING	-1.0932226	0.6560081	-0.6
HALLMARK_HEDGEHOG_SIGNALING	-1.0534059	0.93795824	-0.6
HALLMARK_SPERMATOGENESIS	-1.0449498	0.9555727	-0.6
HALLMARK_CHOLESTEROL_HOMEOSTASIS	-1.0272334	1	-0.6
HALLMARK_COMPLEMENT	-0.8959885	1	-0.6
HALLMARK_ESTROGEN_RESPONSE_LATE	-0.8888412	1	-0.6
HALLMARK_IL6_JAK_STAT3_SIGNALING	-0.8834189	1	-0.6
HALLMARK_INFLAMMATORY_RESPONSE	-0.8706134	1	-0.6
HALLMARK_HYPOXIA	-0.86393374	1	-0.6
HALLMARK_ESTROGEN_RESPONSE_EARLY	-0.85109884	1	-0.6
HALLMARK_ADIPOGENESIS	-0.8392195	1	-0.6
HALLMARK_UV_RESPONSE_DN	-0.82953876	1	-0.6
HALLMARK_HEME_METABOLISM	-0.8030125	1	-0.6
HALLMARK_KRAS_SIGNALING_UP	-0.80247605	1	-0.6
HALLMARK_UV_RESPONSE_UP	-0.78298646	1	-0.6
HALLMARK_REACTIVE_OXYGEN_SPECIES_PATHWAY	-0.78181046	1	-0.6
HALLMARK_MITOTIC_SPINDLE	-0.76888293	1	-0.6
HALLMARK_FATTY_ACID_METABOLISM	-0.7540067	1	-0.6
HALLMARK_BILE_ACID_METABOLISM	-0.74205834	1	-0.6
HALLMARK_P53_PATHWAY	-0.7289092	1	-0.6
HALLMARK_IL2_STAT5_SIGNALING	-0.7247299	1	-0.6
HALLMARK_MYC_TARGETS_V2	-0.70995116	1	-0.6
HALLMARK_GLYCOLYSIS	-0.668803	1	-0.6
HALLMARK_PI3K_AKT_MTOR_SIGNALING	-0.62575406	1	-0.6
HALLMARK_TNFA_SIGNALING_VIA_NFKB	-0.6167137	1	-0.6
HALLMARK_INTERFERON_ALPHA_RESPONSE	-0.61104864	1	-0.6
HALLMARK_INTERFERON_GAMMA_RESPONSE	-0.6091881	1	-0.6
HALLMARK_ANDROGEN_RESPONSE	-0.60642517	1	-0.6
HALLMARK_APOPTOSIS	-0.5968587	1	-0.6
HALLMARK_PEROXISOME	-0.55251944	1	-0.6
HALLMARK_UNFOLDED_PROTEIN_RESPONSE	-0.54726213	1	-0.6
HALLMARK_DNA_REPAIR	-0.5311514	0.9983542	-0.6
HALLMARK_TGF_BETA_SIGNALING	-0.52039045	0.97735167	-0.6
HALLMARK_MTORC1_SIGNALING	-0.4192998	0.9581262	-0.6
HALLMARK_G2M_CHECKPOINT	-0.30646417	0.9387718	-0.6
HALLMARK_E2F_TARGETS	-0.28573266	0.92	-0.6
HALLMARK_PROTEIN_SECRETION	NA	1	-0.6
HALLMARK_MYC_TARGETS_V1	NA	1	-0.6
HALLMARK_OXIDATIVE_PHOSPHORYLATION	NA	1	-0.6
HALLMARK_ALLOGRAFT_REJECTION	NA	1	-0.6
HALLMARK_ANGIOGENESIS	-1.6448255	0.00017599999	-0.55
HALLMARK_MYOGENESIS	-1.5720464	0.000506449	-0.55
HALLMARK_KRAS_SIGNALING_DN	-1.5105112	0.0017037267	-0.55
HALLMARK_EPITHELIAL_MESENCHYMAL_TRANSITION	-1.4549212	0.0040357844	-0.55
HALLMARK_COAGULATION	-1.3467152	0.021491557	-0.55
HALLMARK_XENOBIOTIC_METABOLISM	-1.1447536	0.40569043	-0.55
HALLMARK_APICAL_SURFACE	-1.1395252	0.40187714	-0.55
HALLMARK_APICAL_JUNCTION	-1.1346426	0.39766458	-0.55
HALLMARK_PANCREAS_BETA_CELLS	-1.1207107	0.446782	-0.55
HALLMARK_WNT_BETA_CATENIN_SIGNALING	-1.1173391	0.43775874	-0.55
HALLMARK_NOTCH_SIGNALING	-1.0829798	0.6215323	-0.55
HALLMARK_HEDGEHOG_SIGNALING	-1.0642045	0.7173384	-0.55
HALLMARK_SPERMATOGENESIS	-1.0352881	0.89497554	-0.55
HALLMARK_CHOLESTEROL_HOMEOSTASIS	-1.0336252	0.8622192	-0.55
HALLMARK_COMPLEMENT	-0.8902934	1	-0.55
HALLMARK_ESTROGEN_RESPONSE_LATE	-0.87651634	1	-0.55
HALLMARK_IL6_JAK_STAT3_SIGNALING	-0.8720984	1	-0.55
HALLMARK_HYPOXIA	-0.8515503	1	-0.55
HALLMARK_INFLAMMATORY_RESPONSE	-0.84654903	1	-0.55
HALLMARK_ESTROGEN_RESPONSE_EARLY	-0.84507567	1	-0.55
HALLMARK_HEME_METABOLISM	-0.8319315	1	-0.55
HALLMARK_ADIPOGENESIS	-0.8300922	1	-0.55
HALLMARK_UV_RESPONSE_DN	-0.8182471	1	-0.55
HALLMARK_UV_RESPONSE_UP	-0.7997072	1	-0.55
HALLMARK_KRAS_SIGNALING_UP	-0.79435277	1	-0.55
HALLMARK_FATTY_ACID_METABOLISM	-0.78032786	1	-0.55
HALLMARK_REACTIVE_OXYGEN_SPECIES_PATHWAY	-0.77254486	1	-0.55
HALLMARK_MITOTIC_SPINDLE	-0.76790196	1	-0.55
HALLMARK_BILE_ACID_METABOLISM	-0.7269378	1	-0.55
HALLMARK_P53_PATHWAY	-0.72659814	1	-0.55
HALLMARK_MYC_TARGETS_V2	-0.70814633	1	-0.55
HALLMARK_IL2_STAT5_SIGNALING	-0.6987928	1	-0.55
HALLMARK_GLYCOLYSIS	-0.6721797	1	-0.55
HALLMARK_INTERFERON_ALPHA_RESPONSE	-0.6158088	1	-0.55
HALLMARK_PI3K_AKT_MTOR_SIGNALING	-0.6146229	1	-0.55
HALLMARK_ANDROGEN_RESPONSE	-0.60698897	1	-0.55
HALLMARK_INTERFERON_GAMMA_RESPONSE	-0.6016112	1	-0.55
HALLMARK_TNFA_SIGNALING_VIA_NFKB	-0.58546513	0.996351	-0.55
HALLMARK_APOPTOSIS	-0.5720654	0.9747426	-0.55
HALLMARK_PEROXISOME	-0.53813875	0.954656	-0.55
HALLMARK_DNA_REPAIR	-0.53362036	0.9344902	-0.55
HALLMARK_UNFOLDED_PROTEIN_RESPONSE	-0.5271561	0.9152089	-0.55
HALLMARK_TGF_BETA_SIGNALING	-0.5058104	0.89690906	-0.55
HALLMARK_MTORC1_SIGNALING	-0.4051043	0.87988013	-0.55
HALLMARK_G2M_CHECKPOINT	NA	1	-0.55
HALLMARK_PROTEIN_SECRETION	NA	1	-0.55
HALLMARK_E2F_TARGETS	NA	1	-0.55
HALLMARK_MYC_TARGETS_V1	NA	1	-0.55
HALLMARK_OXIDATIVE_PHOSPHORYLATION	NA	1	-0.55
HALLMARK_ALLOGRAFT_REJECTION	NA	1	-0.55
HALLMARK_ANGIOGENESIS	-1.6376587	0.0001075	-0.5
HALLMARK_MYOGENESIS	-1.5606779	0.0005924444	-0.5
HALLMARK_KRAS_SIGNALING_DN	-1.4978377	0.0021517533	-0.5
HALLMARK_EPITHELIAL_MESENCHYMAL_TRANSITION	-1.4318733	0.0051181926	-0.5
HALLMARK_COAGULATION	-1.3208338	0.029221453	-0.5
HALLMARK_XENOBIOTIC_METABOLISM	-1.1536855	0.32799113	-0.5
HALLMARK_APICAL_SURFACE	-1.1335073	0.40167904	-0.5
HALLMARK_WNT_BETA_CATENIN_SIGNALING	-1.1253203	0.41769546	-0.5
HALLMARK_APICAL_JUNCTION	-1.116195	0.44030085	-0.5
HALLMARK_PANCREAS_BETA_CELLS	-1.0837352	0.6114682	-0.5
HALLMARK_HEDGEHOG_SIGNALING	-1.0724281	0.6525925	-0.5
HALLMARK_NOTCH_SIGNALING	-1.0435058	0.81960684	-0.5
HALLMARK_CHOLESTEROL_HOMEOSTASIS	-1.0356134	0.83447534	-0.5
HALLMARK_SPERMATOGENESIS	-1.0194951	0.907247	-0.5
HALLMARK_COMPLEMENT	-0.8794469	1	-0.5
HALLMARK_IL6_JAK_STAT3_SIGNALING	-0.8624196	1	-0.5
HALLMARK_HEME_METABOLISM	-0.85853034	1	-0.5
HALLMARK_ESTROGEN_RESPONSE_LATE	-0.8560365	1	-0.5
HALLMARK_HYPOXIA	-0.8511935	1	-0.5
HALLMARK_ESTROGEN_RESPONSE_EARLY	-0.8357341	1	-0.5
HALLMARK_INFLAMMATORY_RESPONSE	-0.8162835	1	-0.5
HALLMARK_UV_RESPONSE_DN	-0.80894226	1	-0.5
HALLMARK_FATTY_ACID_METABOLISM	-0.80636185	1	-0.5
HALLMARK_UV_RESPONSE_UP	-0.80283505	1	-0.5
HALLMARK_ADIPOGENESIS	-0.80066174	1	-0.5
HALLMARK_KRAS_SIGNALING_UP	-0.7882789	1	-0.5
HALLMARK_MITOTIC_SPINDLE	-0.76233786	1	-0.5
HALLMARK_REACTIVE_OXYGEN_SPECIES_PATHWAY	-0.7393612	1	-0.5
HALLMARK_P53_PATHWAY	-0.71386486	1	-0.5
HALLMARK_BILE_ACID_METABOLISM	-0.710434	1	-0.5
HALLMARK_MYC_TARGETS_V2	-0.6916506	1	-0.5
HALLMARK_GLYCOLYSIS	-0.6665367	1	-0.5
HALLMARK_IL2_STAT5_SIGNALING	-0.6648273	1	-0.5
HALLMARK_INTERFERON_ALPHA_RESPONSE	-0.61623573	1	-0.5
HALLMARK_PI3K_AKT_MTOR_SIGNALING	-0.5932466	1	-0.5
HALLMARK_INTERFERON_GAMMA_RESPONSE	-0.5915825	0.99551296	-0.5
HALLMARK_ANDROGEN_RESPONSE	-0.5861764	0.9731421	-0.5
HALLMARK_APOPTOSIS	-0.5402862	0.95346165	-0.5
HALLMARK_DNA_REPAIR	-0.52719736	0.93305236	-0.5
HALLMARK_PEROXISOME	-0.50771403	0.91364396	-0.5
HALLMARK_TGF_BETA_SIGNALING	-0.49548975	0.8948393	-0.5
HALLMARK_UNFOLDED_PROTEIN_RESPONSE	-0.49274343	0.87660897	-0.5
HALLMARK_MTORC1_SIGNALING	-0.36957932	0.85995185	-0.5
HALLMARK_TNFA_SIGNALING_VIA_NFKB	NA	1	-0.5
HALLMARK_G2M_CHECKPOINT	NA	1	-0.5
HALLMARK_PROTEIN_SECRETION	NA	1	-0.5
HALLMARK_E2F_TARGETS	NA	1	-0.5
HALLMARK_MYC_TARGETS_V1	NA	1	-0.5
HALLMARK_OXIDATIVE_PHOSPHORYLATION	NA	1	-0.5
HALLMARK_ALLOGRAFT_REJECTION	NA	1	-0.5
HALLMARK_ANGIOGENESIS	-1.6162964	0.00015093877	-0.45
HALLMARK_MYOGENESIS	-1.5583315	0.0006704489	-0.45
HALLMARK_KRAS_SIGNALING_DN	-1.495934	0.0019811576	-0.45
HALLMARK_EPITHELIAL_MESENCHYMAL_TRANSITION	-1.4196885	0.0071700853	-0.45
HALLMARK_COAGULATION	-1.302024	0.04169847	-0.45
HALLMARK_XENOBIOTIC_METABOLISM	-1.165594	0.29286852	-0.45
HALLMARK_WNT_BETA_CATENIN_SIGNALING	-1.1284996	0.4474333	-0.45
HALLMARK_APICAL_SURFACE	-1.124967	0.4370423	-0.45
HALLMARK_APICAL_JUNCTION	-1.1070092	0.5116391	-0.45
HALLMARK_HEDGEHOG_SIGNALING	-1.0736237	0.6996782	-0.45
HALLMARK_CHOLESTEROL_HOMEOSTASIS	-1.0455465	0.86486965	-0.45
HALLMARK_PANCREAS_BETA_CELLS	-1.0377729	0.8755562	-0.45
HALLMARK_NOTCH_SIGNALING	-1.0175402	0.97562635	-0.45
HALLMARK_SPERMATOGENESIS	-1.0121648	0.9657791	-0.45
HALLMARK_HEME_METABOLISM	-0.87521803	1	-0.45
HALLMARK_IL6_JAK_STAT3_SIGNALING	-0.86225665	1	-0.45
HALLMARK_COMPLEMENT	-0.85976505	1	-0.45
HALLMARK_HYPOXIA	-0.8533615	1	-0.45
HALLMARK_ESTROGEN_RESPONSE_LATE	-0.83042544	1	-0.45
HALLMARK_FATTY_ACID_METABOLISM	-0.8297736	1	-0.45
HALLMARK_UV_RESPONSE_DN	-0.8271827	1	-0.45
HALLMARK_ESTROGEN_RESPONSE_EARLY	-0.8242143	1	-0.45
HALLMARK_UV_RESPONSE_UP	-0.8013069	1	-0.45
HALLMARK_INFLAMMATORY_RESPONSE	-0.7939987	1	-0.45
HALLMARK_KRAS_SIGNALING_UP	-0.78321177	1	-0.45
HALLMARK_ADIPOGENESIS	-0.7587395	1	-0.45
HALLMARK_MITOTIC_SPINDLE	-0.74950385	1	-0.45
HALLMARK_P53_PATHWAY	-0.6900349	1	-0.45
HALLMARK_BILE_ACID_METABOLISM	-0.6875991	1	-0.45
HALLMARK_REACTIVE_OXYGEN_SPECIES_PATHWAY	-0.68502307	1	-0.45
HALLMARK_GLYCOLYSIS	-0.64982516	1	-0.45
HALLMARK_MYC_TARGETS_V2	-0.6365221	1	-0.45
HALLMARK_IL2_STAT5_SIGNALING	-0.629103	1	-0.45
HALLMARK_INTERFERON_ALPHA_RESPONSE	-0.60507995	1	-0.45
HALLMARK_INTERFERON_GAMMA_RESPONSE	-0.57343626	1	-0.45
HALLMARK_PI3K_AKT_MTOR_SIGNALING	-0.5732434	0.99589074	-0.45
HALLMARK_ANDROGEN_RESPONSE	-0.56288666	0.97381675	-0.45
HALLMARK_APOPTOSIS	-0.49891713	0.95431393	-0.45
HALLMARK_DNA_REPAIR	-0.4972052	0.9335867	-0.45
HALLMARK_TGF_BETA_SIGNALING	-0.47876778	0.9140792	-0.45
HALLMARK_UNFOLDED_PROTEIN_RESPONSE	-0.47846863	0.8950394	-0.45
HALLMARK_PEROXISOME	-0.4488997	0.8771462	-0.45
HALLMARK_MTORC1_SIGNALING	-0.33112237	0.85998964	-0.45
HALLMARK_TNFA_SIGNALING_VIA_NFKB	NA	1	-0.45
HALLMARK_G2M_CHECKPOINT	NA	1	-0.45
HALLMARK_PROTEIN_SECRETION	NA	1	-0.45
HALLMARK_E2F_TARGETS	NA	1	-0.45
HALLMARK_MYC_TARGETS_V1	NA	1	-0.45
HALLMARK_OXIDATIVE_PHOSPHORYLATION	NA	1	-0.45
HALLMARK_ALLOGRAFT_REJECTION	NA	1	-0.45
HALLMARK_ANGIOGENESIS	-1.6134392	0.00018987496	-0.4
HALLMARK_MYOGENESIS	-1.5781213	0.00035544447	-0.4
HALLMARK_KRAS_SIGNALING_DN	-1.5080497	0.0020369415	-0.4
HALLMARK_EPITHELIAL_MESENCHYMAL_TRANSITION	-1.4197543	0.008895364	-0.4
HALLMARK_COAGULATION	-1.2885836	0.060458872	-0.4
HALLMARK_XENOBIOTIC_METABOLISM	-1.1750914	0.2840941	-0.4
HALLMARK_WNT_BETA_CATENIN_SIGNALING	-1.1441256	0.39232045	-0.4
HALLMARK_APICAL_SURFACE	-1.1060663	0.5748516	-0.4
HALLMARK_APICAL_JUNCTION	-1.1027045	0.559093	-0.4
HALLMARK_HEDGEHOG_SIGNALING	-1.0816861	0.6562843	-0.4
HALLMARK_CHOLESTEROL_HOMEOSTASIS	-1.034279	0.94425255	-0.4
HALLMARK_SPERMATOGENESIS	-1.0092943	1	-0.4
HALLMARK_PANCREAS_BETA_CELLS	-0.9973767	1	-0.4
HALLMARK_NOTCH_SIGNALING	-0.98782665	1	-0.4
HALLMARK_HEME_METABOLISM	-0.8740006	1	-0.4
HALLMARK_IL6_JAK_STAT3_SIGNALING	-0.8582255	1	-0.4
HALLMARK_HYPOXIA	-0.85607517	1	-0.4
HALLMARK_COMPLEMENT	-0.84397966	1	-0.4
HALLMARK_FATTY_ACID_METABOLISM	-0.8357408	1	-0.4
HALLMARK_UV_RESPONSE_DN	-0.83461165	1	-0.4
HALLMARK_ESTROGEN_RESPONSE_LATE	-0.8010399	1	-0.4
HALLMARK_UV_RESPONSE_UP	-0.7999571	1	-0.4
HALLMARK_ESTROGEN_RESPONSE_EARLY	-0.7987343	1	-0.4
HALLMARK_KRAS_SIGNALING_UP	-0.78206396	1	-0.4
HALLMARK_INFLAMMATORY_RESPONSE	-0.76638687	1	-0.4
HALLMARK_MITOTIC_SPINDLE	-0.71675116	1	-0.4
HALLMARK_ADIPOGENESIS	-0.7079488	1	-0.4
HALLMARK_P53_PATHWAY	-0.6580765	1	-0.4
HALLMARK_BILE_ACID_METABOLISM	-0.6505876	1	-0.4
HALLMARK_GLYCOLYSIS	-0.63702375	1	-0.4
HALLMARK_IL2_STAT5_SIGNALING	-0.59503424	1	-0.4
HALLMARK_PI3K_AKT_MTOR_SIGNALING	-0.5849777	1	-0.4
HALLMARK_REACTIVE_OXYGEN_SPECIES_PATHWAY	-0.58334035	1	-0.4
HALLMARK_INTERFERON_ALPHA_RESPONSE	-0.5668435	1	-0.4
HALLMARK_MYC_TARGETS_V2	-0.56106526	0.99569935	-0.4
HALLMARK_INTERFERON_GAMMA_RESPONSE	-0.53917766	0.9737422	-0.4
HALLMARK_ANDROGEN_RESPONSE	-0.5261778	0.95207536	-0.4
HALLMARK_TGF_BETA_SIGNALING	-0.48740277	0.9319439	-0.4
HALLMARK_UNFOLDED_PROTEIN_RESPONSE	-0.47439468	0.91197723	-0.4
HALLMARK_APOPTOSIS	-0.46886453	0.8926884	-0.4
HALLMARK_DNA_REPAIR	-0.4299057	0.8746208	-0.4
HALLMARK_PEROXISOME	-0.41078258	0.85690546	-0.4
HALLMARK_PROTEIN_SECRETION	1.2441436	0.109550565	-0.4
HALLMARK_TNFA_SIGNALING_VIA_NFKB	NA	1	-0.4
HALLMARK_G2M_CHECKPOINT	NA	1	-0.4
HALLMARK_MTORC1_SIGNALING	NA	1	-0.4
HALLMARK_E2F_TARGETS	NA	1	-0.4
HALLMARK_MYC_TARGETS_V1	NA	1	-0.4
HALLMARK_OXIDATIVE_PHOSPHORYLATION	NA	1	-0.4
HALLMARK_ALLOGRAFT_REJECTION	NA	1	-0.4
HALLMARK_MYOGENESIS	-1.6152216	0.0004202423	-0.35
HALLMARK_ANGIOGENESIS	-1.6121497	0.00042775276	-0.35
HALLMARK_KRAS_SIGNALING_DN	-1.5344793	0.0017808998	-0.35
HALLMARK_EPITHELIAL_MESENCHYMAL_TRANSITION	-1.4310975	0.0092533305	-0.35
HALLMARK_COAGULATION	-1.2836087	0.073193505	-0.35
HALLMARK_XENOBIOTIC_METABOLISM	-1.197272	0.22008203	-0.35
HALLMARK_WNT_BETA_CATENIN_SIGNALING	-1.1197562	0.5220805	-0.35
HALLMARK_APICAL_JUNCTION	-1.1024692	0.5869367	-0.35
HALLMARK_APICAL_SURFACE	-1.0863969	0.6446044	-0.35
HALLMARK_HEDGEHOG_SIGNALING	-1.0787352	0.6538849	-0.35
HALLMARK_SPERMATOGENESIS	-1.0208383	0.97371346	-0.35
HALLMARK_CHOLESTEROL_HOMEOSTASIS	-0.9900389	1	-0.35
HALLMARK_PANCREAS_BETA_CELLS	-0.96981156	1	-0.35
HALLMARK_NOTCH_SIGNALING	-0.94366324	1	-0.35
HALLMARK_IL6_JAK_STAT3_SIGNALING	-0.8679182	1	-0.35
HALLMARK_HYPOXIA	-0.85277146	1	-0.35
HALLMARK_HEME_METABOLISM	-0.8526362	1	-0.35
HALLMARK_UV_RESPONSE_DN	-0.8449815	1	-0.35
HALLMARK_COMPLEMENT	-0.8263793	1	-0.35
HALLMARK_FATTY_ACID_METABOLISM	-0.8234556	1	-0.35
HALLMARK_UV_RESPONSE_UP	-0.7893958	1	-0.35
HALLMARK_KRAS_SIGNALING_UP	-0.7725483	1	-0.35
HALLMARK_ESTROGEN_RESPONSE_EARLY	-0.7644225	1	-0.35
HALLMARK_ESTROGEN_RESPONSE_LATE	-0.76138055	1	-0.35
HALLMARK_INFLAMMATORY_RESPONSE	-0.7375188	1	-0.35
HALLMARK_ADIPOGENESIS	-0.6797653	1	-0.35
HALLMARK_MITOTIC_SPINDLE	-0.65821505	1	-0.35
HALLMARK_P53_PATHWAY	-0.6249928	1	-0.35
HALLMARK_GLYCOLYSIS	-0.61559516	1	-0.35
HALLMARK_BILE_ACID_METABOLISM	-0.6039615	1	-0.35
HALLMARK_PI3K_AKT_MTOR_SIGNALING	-0.5939438	1	-0.35
HALLMARK_IL2_STAT5_SIGNALING	-0.5560696	1	-0.35
HALLMARK_INTERFERON_GAMMA_RESPONSE	-0.4962192	0.9982317	-0.35
HALLMARK_TGF_BETA_SIGNALING	-0.49418923	0.9745038	-0.35
HALLMARK_INTERFERON_ALPHA_RESPONSE	-0.49390557	0.9518524	-0.35
HALLMARK_MYC_TARGETS_V2	-0.4876337	0.9303991	-0.35
HALLMARK_ANDROGEN_RESPONSE	-0.4858976	0.9097856	-0.35
HALLMARK_REACTIVE_OXYGEN_SPECIES_PATHWAY	-0.47896576	0.8902012	-0.35
HALLMARK_UNFOLDED_PROTEIN_RESPONSE	-0.4456565	0.8717933	-0.35
HALLMARK_DNA_REPAIR	-0.37424535	0.85409456	-0.35
HALLMARK_PEROXISOME	-0.35456032	0.83670765	-0.35
HALLMARK_PROTEIN_SECRETION	1.541957	0.013403263	-0.35
HALLMARK_TNFA_SIGNALING_VIA_NFKB	NA	1	-0.35
HALLMARK_G2M_CHECKPOINT	NA	1	-0.35
HALLMARK_APOPTOSIS	NA	1	-0.35
HALLMARK_MTORC1_SIGNALING	NA	1	-0.35
HALLMARK_E2F_TARGETS	NA	1	-0.35
HALLMARK_MYC_TARGETS_V1	NA	1	-0.35
HALLMARK_OXIDATIVE_PHOSPHORYLATION	NA	1	-0.35
HALLMARK_ALLOGRAFT_REJECTION	NA	1	-0.35
HALLMARK_MYOGENESIS	-1.6719332	0.00032704376	-0.3
HALLMARK_ANGIOGENESIS	-1.6247913	0.0005537142	-0.3
HALLMARK_KRAS_SIGNALING_DN	-1.5774919	0.0014765849	-0.3
HALLMARK_EPITHELIAL_MESENCHYMAL_TRANSITION	-1.4513419	0.010350439	-0.3
HALLMARK_COAGULATION	-1.284933	0.10172755	-0.3
HALLMARK_XENOBIOTIC_METABOLISM	-1.2147859	0.231006	-0.3
HALLMARK_APICAL_JUNCTION	-1.1128439	0.6487358	-0.3
HALLMARK_WNT_BETA_CATENIN_SIGNALING	-1.088643	0.75043356	-0.3
HALLMARK_HEDGEHOG_SIGNALING	-1.0875263	0.7070794	-0.3
HALLMARK_APICAL_SURFACE	-1.0850457	0.67737335	-0.3
HALLMARK_SPERMATOGENESIS	-1.0387822	0.9067599	-0.3
HALLMARK_PANCREAS_BETA_CELLS	-0.9293745	1	-0.3
HALLMARK_NOTCH_SIGNALING	-0.92821723	1	-0.3
HALLMARK_CHOLESTEROL_HOMEOSTASIS	-0.92582446	1	-0.3
HALLMARK_IL6_JAK_STAT3_SIGNALING	-0.8792041	1	-0.3
HALLMARK_UV_RESPONSE_DN	-0.8673842	1	-0.3
HALLMARK_HYPOXIA	-0.84638196	1	-0.3
HALLMARK_HEME_METABOLISM	-0.82530224	1	-0.3
HALLMARK_COMPLEMENT	-0.81523037	1	-0.3
HALLMARK_FATTY_ACID_METABOLISM	-0.7990472	1	-0.3
HALLMARK_KRAS_SIGNALING_UP	-0.7721365	1	-0.3
HALLMARK_UV_RESPONSE_UP	-0.76293063	1	-0.3
HALLMARK_ESTROGEN_RESPONSE_EARLY	-0.72580916	1	-0.3
HALLMARK_ESTROGEN_RESPONSE_LATE	-0.7236409	1	-0.3
HALLMARK_INFLAMMATORY_RESPONSE	-0.71146965	1	-0.3
HALLMARK_ADIPOGENESIS	-0.66371626	1	-0.3
HALLMARK_BILE_ACID_METABOLISM	-0.60271764	1	-0.3
HALLMARK_PI3K_AKT_MTOR_SIGNALING	-0.59603316	1	-0.3
HALLMARK_MITOTIC_SPINDLE	-0.59414995	1	-0.3
HALLMARK_P53_PATHWAY	-0.59253114	1	-0.3
HALLMARK_GLYCOLYSIS	-0.5882669	1	-0.3
HALLMARK_TGF_BETA_SIGNALING	-0.49663004	0.9980632	-0.3
HALLMARK_ANDROGEN_RESPONSE	-0.447512	0.97375864	-0.3
HALLMARK_UNFOLDED_PROTEIN_RESPONSE	-0.40459335	0.9498356	-0.3
HALLMARK_MYC_TARGETS_V2	-0.39723235	0.9266876	-0.3
HALLMARK_INTERFERON_ALPHA_RESPONSE	-0.39424935	0.9046274	-0.3
HALLMARK_REACTIVE_OXYGEN_SPECIES_PATHWAY	-0.37665048	0.8836501	-0.3
HALLMARK_DNA_REPAIR	-0.29582646	0.8636364	-0.3
HALLMARK_ALLOGRAFT_REJECTION	2.181829	0	-0.3
HALLMARK_PROTEIN_SECRETION	1.8139356	0.0032822757	-0.3
HALLMARK_TNFA_SIGNALING_VIA_NFKB	1.7336949	0.0051057623	-0.3
HALLMARK_E2F_TARGETS	1.6718129	0.008752735	-0.3
HALLMARK_APOPTOSIS	0.8040293	1	-0.3
HALLMARK_PEROXISOME	0.7685718	0.89642596	-0.3
HALLMARK_G2M_CHECKPOINT	NA	1	-0.3
HALLMARK_INTERFERON_GAMMA_RESPONSE	NA	1	-0.3
HALLMARK_MTORC1_SIGNALING	NA	1	-0.3
HALLMARK_MYC_TARGETS_V1	NA	1	-0.3
HALLMARK_OXIDATIVE_PHOSPHORYLATION	NA	1	-0.3
HALLMARK_IL2_STAT5_SIGNALING	NA	1	-0.3
HALLMARK_MYOGENESIS	-1.7473114	0.000105899104	-0.25
HALLMARK_ANGIOGENESIS	-1.6620549	0.0005564485	-0.25
HALLMARK_KRAS_SIGNALING_DN	-1.6433975	0.00073808176	-0.25
HALLMARK_EPITHELIAL_MESENCHYMAL_TRANSITION	-1.4745224	0.011205274	-0.25
HALLMARK_COAGULATION	-1.2859691	0.11924711	-0.25
HALLMARK_XENOBIOTIC_METABOLISM	-1.2367482	0.19658387	-0.25
HALLMARK_APICAL_JUNCTION	-1.1242776	0.5676662	-0.25
HALLMARK_WNT_BETA_CATENIN_SIGNALING	-1.1067684	0.60650975	-0.25
HALLMARK_HEDGEHOG_SIGNALING	-1.1062142	0.5657299	-0.25
HALLMARK_APICAL_SURFACE	-1.0896286	0.6011749	-0.25
HALLMARK_SPERMATOGENESIS	-1.0638304	0.68068546	-0.25
HALLMARK_PANCREAS_BETA_CELLS	-0.91305363	1	-0.25
HALLMARK_NOTCH_SIGNALING	-0.90974057	1	-0.25
HALLMARK_IL6_JAK_STAT3_SIGNALING	-0.8966389	1	-0.25
HALLMARK_UV_RESPONSE_DN	-0.8901565	1	-0.25
HALLMARK_CHOLESTEROL_HOMEOSTASIS	-0.86007	1	-0.25
HALLMARK_HYPOXIA	-0.8339145	1	-0.25
HALLMARK_HEME_METABOLISM	-0.79723984	1	-0.25
HALLMARK_COMPLEMENT	-0.79223263	1	-0.25
HALLMARK_KRAS_SIGNALING_UP	-0.77400345	1	-0.25
HALLMARK_FATTY_ACID_METABOLISM	-0.7695331	1	-0.25
HALLMARK_UV_RESPONSE_UP	-0.73818916	1	-0.25
HALLMARK_INFLAMMATORY_RESPONSE	-0.70672894	1	-0.25
HALLMARK_ESTROGEN_RESPONSE_LATE	-0.67596215	1	-0.25
HALLMARK_ESTROGEN_RESPONSE_EARLY	-0.6670066	1	-0.25
HALLMARK_ADIPOGENESIS	-0.64657253	0.9776336	-0.25
HALLMARK_BILE_ACID_METABOLISM	-0.60110027	0.95655304	-0.25
HALLMARK_PI3K_AKT_MTOR_SIGNALING	-0.5933177	0.92882264	-0.25
HALLMARK_P53_PATHWAY	-0.5466159	0.9067293	-0.25
HALLMARK_GLYCOLYSIS	-0.5450221	0.8809372	-0.25
HALLMARK_MITOTIC_SPINDLE	-0.532327	0.8573236	-0.25
HALLMARK_ALLOGRAFT_REJECTION	2.2131224	0	-0.25
HALLMARK_PROTEIN_SECRETION	2.012017	0.0033034447	-0.25
HALLMARK_MYC_TARGETS_V1	1.9175171	0.0044045933	-0.25
HALLMARK_E2F_TARGETS	1.8624026	0.0049551674	-0.25
HALLMARK_IL2_STAT5_SIGNALING	1.1820476	0.45103037	-0.25
HALLMARK_APOPTOSIS	1.1665622	0.41788584	-0.25
HALLMARK_ANDROGEN_RESPONSE	0.9299304	1	-0.25
HALLMARK_UNFOLDED_PROTEIN_RESPONSE	0.8447767	1	-0.25
HALLMARK_PEROXISOME	0.82093567	1	-0.25
HALLMARK_TGF_BETA_SIGNALING	0.78569514	1	-0.25
HALLMARK_INTERFERON_ALPHA_RESPONSE	0.77246445	1	-0.25
HALLMARK_DNA_REPAIR	0.68845206	1	-0.25
HALLMARK_MYC_TARGETS_V2	0.6607206	1	-0.25
HALLMARK_REACTIVE_OXYGEN_SPECIES_PATHWAY	0.54776317	0.99480885	-0.25
HALLMARK_TNFA_SIGNALING_VIA_NFKB	NA	1	-0.25
HALLMARK_G2M_CHECKPOINT	NA	1	-0.25
HALLMARK_INTERFERON_GAMMA_RESPONSE	NA	1	-0.25
HALLMARK_MTORC1_SIGNALING	NA	1	-0.25
HALLMARK_OXIDATIVE_PHOSPHORYLATION	NA	1	-0.25
HALLMARK_MYOGENESIS	-1.8417276	0.000232	-0.2
HALLMARK_KRAS_SIGNALING_DN	-1.7228886	0.0018973522	-0.2
HALLMARK_ANGIOGENESIS	-1.6727564	0.0027655158	-0.2
HALLMARK_EPITHELIAL_MESENCHYMAL_TRANSITION	-1.5150547	0.022285894	-0.2
HALLMARK_COAGULATION	-1.3012236	0.24524893	-0.2
HALLMARK_XENOBIOTIC_METABOLISM	-1.2587157	0.32691458	-0.2
HALLMARK_WNT_BETA_CATENIN_SIGNALING	-1.1536794	0.7808723	-0.2
HALLMARK_APICAL_JUNCTION	-1.1529417	0.688185	-0.2
HALLMARK_HEDGEHOG_SIGNALING	-1.0978925	0.93207926	-0.2
HALLMARK_APICAL_SURFACE	-1.0952544	0.8542997	-0.2
HALLMARK_SPERMATOGENESIS	-1.0903687	0.8024499	-0.2
HALLMARK_IL6_JAK_STAT3_SIGNALING	-0.9156147	1	-0.2
HALLMARK_NOTCH_SIGNALING	-0.911219	1	-0.2
HALLMARK_PANCREAS_BETA_CELLS	-0.9077151	1	-0.2
HALLMARK_UV_RESPONSE_DN	-0.890779	1	-0.2
HALLMARK_HYPOXIA	-0.8232269	1	-0.2
HALLMARK_COMPLEMENT	-0.7868674	1	-0.2
HALLMARK_CHOLESTEROL_HOMEOSTASIS	-0.7759205	1	-0.2
HALLMARK_KRAS_SIGNALING_UP	-0.7701611	1	-0.2
HALLMARK_HEME_METABOLISM	-0.7679567	1	-0.2
HALLMARK_FATTY_ACID_METABOLISM	-0.73650956	1	-0.2
HALLMARK_UV_RESPONSE_UP	-0.69308823	1	-0.2
HALLMARK_ADIPOGENESIS	-0.6266272	1	-0.2
HALLMARK_ESTROGEN_RESPONSE_LATE	-0.61920315	1	-0.2
HALLMARK_ESTROGEN_RESPONSE_EARLY	-0.59789574	1	-0.2
HALLMARK_PI3K_AKT_MTOR_SIGNALING	-0.5790518	1	-0.2
HALLMARK_GLYCOLYSIS	-0.4900454	1	-0.2
HALLMARK_P53_PATHWAY	-0.48204938	1	-0.2
HALLMARK_MITOTIC_SPINDLE	-0.4443879	0.9993878	-0.2
HALLMARK_OXIDATIVE_PHOSPHORYLATION	2.722297	0	-0.2
HALLMARK_MYC_TARGETS_V1	2.3262384	0	-0.2
HALLMARK_ALLOGRAFT_REJECTION	2.2809706	0	-0.2
HALLMARK_PROTEIN_SECRETION	2.0995705	0	-0.2
HALLMARK_E2F_TARGETS	1.8955295	0.0051003885	-0.2
HALLMARK_G2M_CHECKPOINT	1.7566124	0.009350712	-0.2
HALLMARK_TNFA_SIGNALING_VIA_NFKB	1.6859794	0.012224741	-0.2
HALLMARK_MTORC1_SIGNALING	1.404053	0.10005264	-0.2
HALLMARK_IL2_STAT5_SIGNALING	1.3531351	0.123215295	-0.2
HALLMARK_INFLAMMATORY_RESPONSE	1.34982	0.11429403	-0.2
HALLMARK_APOPTOSIS	1.2392187	0.21156828	-0.2
HALLMARK_ANDROGEN_RESPONSE	1.1020615	0.4654859	-0.2
HALLMARK_INTERFERON_GAMMA_RESPONSE	1.0699493	0.5145463	-0.2
HALLMARK_PEROXISOME	1.0136331	0.64079475	-0.2
HALLMARK_UNFOLDED_PROTEIN_RESPONSE	0.9756491	0.70770717	-0.2
HALLMARK_BILE_ACID_METABOLISM	0.9527958	0.72553027	-0.2
HALLMARK_DNA_REPAIR	0.905595	0.8274428	-0.2
HALLMARK_MYC_TARGETS_V2	0.8840345	0.8344361	-0.2
HALLMARK_TGF_BETA_SIGNALING	0.8661346	0.8342088	-0.2
HALLMARK_INTERFERON_ALPHA_RESPONSE	0.82180303	0.86489534	-0.2
HALLMARK_REACTIVE_OXYGEN_SPECIES_PATHWAY	0.7390961	0.9278606	-0.2
HALLMARK_MYOGENESIS	-1.964	0	-0.15
HALLMARK_KRAS_SIGNALING_DN	-1.8100805	0.0006190187	-0.15
HALLMARK_ANGIOGENESIS	-1.7054615	0.0028824997	-0.15
HALLMARK_EPITHELIAL_MESENCHYMAL_TRANSITION	-1.562398	0.016340606	-0.15
HALLMARK_COAGULATION	-1.3298606	0.20278066	-0.15
HALLMARK_XENOBIOTIC_METABOLISM	-1.3074095	0.2133756	-0.15
HALLMARK_WNT_BETA_CATENIN_SIGNALING	-1.2176669	0.43575013	-0.15
HALLMARK_APICAL_JUNCTION	-1.1873085	0.49300373	-0.15
HALLMARK_SPERMATOGENESIS	-1.1101974	0.77350026	-0.15
HALLMARK_APICAL_SURFACE	-1.0941746	0.7725535	-0.15
HALLMARK_HEDGEHOG_SIGNALING	-1.07963	0.76605475	-0.15
HALLMARK_NOTCH_SIGNALING	-0.92934513	1	-0.15
HALLMARK_IL6_JAK_STAT3_SIGNALING	-0.9191575	1	-0.15
HALLMARK_PANCREAS_BETA_CELLS	-0.91280514	1	-0.15
HALLMARK_UV_RESPONSE_DN	-0.85295385	1	-0.15
HALLMARK_HYPOXIA	-0.8144626	1	-0.15
HALLMARK_COMPLEMENT	-0.7775315	1	-0.15
HALLMARK_KRAS_SIGNALING_UP	-0.7590834	1	-0.15
HALLMARK_HEME_METABOLISM	-0.7347549	1	-0.15
HALLMARK_FATTY_ACID_METABOLISM	-0.6917025	1	-0.15
HALLMARK_CHOLESTEROL_HOMEOSTASIS	-0.67431957	1	-0.15
HALLMARK_UV_RESPONSE_UP	-0.63449705	1	-0.15
HALLMARK_ADIPOGENESIS	-0.5989327	1	-0.15
HALLMARK_PI3K_AKT_MTOR_SIGNALING	-0.55654556	1	-0.15
HALLMARK_ESTROGEN_RESPONSE_EARLY	-0.5399014	0.99509805	-0.15
HALLMARK_OXIDATIVE_PHOSPHORYLATION	2.526969	0	-0.15
HALLMARK_ALLOGRAFT_REJECTION	2.4774837	0	-0.15
HALLMARK_MYC_TARGETS_V1	2.4070961	0	-0.15
HALLMARK_PROTEIN_SECRETION	2.2879527	0	-0.15
HALLMARK_E2F_TARGETS	1.9368124	0.0010406261	-0.15
HALLMARK_G2M_CHECKPOINT	1.8008345	0.009712509	-0.15
HALLMARK_TNFA_SIGNALING_VIA_NFKB	1.7623283	0.011000902	-0.15
HALLMARK_MTORC1_SIGNALING	1.5415258	0.044325083	-0.15
HALLMARK_IL2_STAT5_SIGNALING	1.4821789	0.06021262	-0.15
HALLMARK_APOPTOSIS	1.4022421	0.087241635	-0.15
HALLMARK_INFLAMMATORY_RESPONSE	1.3217201	0.14307241	-0.15
HALLMARK_ANDROGEN_RESPONSE	1.2481194	0.2108497	-0.15
HALLMARK_INTERFERON_GAMMA_RESPONSE	1.2462088	0.19643158	-0.15
HALLMARK_PEROXISOME	1.1853014	0.26573768	-0.15
HALLMARK_DNA_REPAIR	1.147277	0.3102382	-0.15
HALLMARK_UNFOLDED_PROTEIN_RESPONSE	1.1213369	0.34312677	-0.15
HALLMARK_MYC_TARGETS_V2	1.1061023	0.35610902	-0.15
HALLMARK_BILE_ACID_METABOLISM	1.0875136	0.38304198	-0.15
HALLMARK_INTERFERON_ALPHA_RESPONSE	1.0378835	0.4923805	-0.15
HALLMARK_ESTROGEN_RESPONSE_LATE	1.0074333	0.55345565	-0.15
HALLMARK_GLYCOLYSIS	0.97029287	0.62662655	-0.15
HALLMARK_REACTIVE_OXYGEN_SPECIES_PATHWAY	0.9555888	0.637631	-0.15
HALLMARK_TGF_BETA_SIGNALING	0.92874324	0.67458063	-0.15
HALLMARK_P53_PATHWAY	0.85352993	0.81812733	-0.15
HALLMARK_MITOTIC_SPINDLE	0.7266893	0.94079345	-0.15
HALLMARK_MYOGENESIS	-2.097924	0	-0.1
HALLMARK_KRAS_SIGNALING_DN	-1.9247968	0.00017876388	-0.1
HALLMARK_ANGIOGENESIS	-1.7308979	0.0030621765	-0.1
HALLMARK_EPITHELIAL_MESENCHYMAL_TRANSITION	-1.6176335	0.010630968	-0.1
HALLMARK_COAGULATION	-1.3713341	0.14294332	-0.1
HALLMARK_XENOBIOTIC_METABOLISM	-1.3490994	0.14862855	-0.1
HALLMARK_WNT_BETA_CATENIN_SIGNALING	-1.2736112	0.25890043	-0.1
HALLMARK_APICAL_JUNCTION	-1.2144521	0.3671721	-0.1
HALLMARK_SPERMATOGENESIS	-1.1183413	0.63582814	-0.1
HALLMARK_APICAL_SURFACE	-1.1019101	0.6307963	-0.1
HALLMARK_HEDGEHOG_SIGNALING	-1.074206	0.6701284	-0.1
HALLMARK_NOTCH_SIGNALING	-0.9414699	1	-0.1
HALLMARK_PANCREAS_BETA_CELLS	-0.9194439	1	-0.1
HALLMARK_IL6_JAK_STAT3_SIGNALING	-0.9191372	0.97469723	-0.1
HALLMARK_UV_RESPONSE_DN	-0.79671866	1	-0.1
HALLMARK_HYPOXIA	-0.7958638	1	-0.1
HALLMARK_COMPLEMENT	-0.7659916	1	-0.1
HALLMARK_HEME_METABOLISM	-0.68717784	1	-0.1
HALLMARK_FATTY_ACID_METABOLISM	-0.6408028	1	-0.1
HALLMARK_UV_RESPONSE_UP	-0.56329656	1	-0.1
HALLMARK_CHOLESTEROL_HOMEOSTASIS	-0.55830455	0.9936387	-0.1
HALLMARK_OXIDATIVE_PHOSPHORYLATION	2.6176116	0	-0.1
HALLMARK_ALLOGRAFT_REJECTION	2.5030901	0	-0.1
HALLMARK_MYC_TARGETS_V1	2.4739723	0	-0.1
HALLMARK_PROTEIN_SECRETION	2.2573628	0.00030648912	-0.1
HALLMARK_E2F_TARGETS	2.085169	0.0005516804	-0.1
HALLMARK_G2M_CHECKPOINT	1.920087	0.0025638058	-0.1
HALLMARK_TNFA_SIGNALING_VIA_NFKB	1.9156061	0.0024894422	-0.1
HALLMARK_MTORC1_SIGNALING	1.6789389	0.012709263	-0.1
HALLMARK_IL2_STAT5_SIGNALING	1.5353714	0.04167522	-0.1
HALLMARK_INFLAMMATORY_RESPONSE	1.4158381	0.092018686	-0.1
HALLMARK_APOPTOSIS	1.4082428	0.08761513	-0.1
HALLMARK_DNA_REPAIR	1.3267332	0.1395653	-0.1
HALLMARK_ANDROGEN_RESPONSE	1.3054799	0.14698981	-0.1
HALLMARK_PEROXISOME	1.2816327	0.15722564	-0.1
HALLMARK_MYC_TARGETS_V2	1.2730608	0.15509409	-0.1
HALLMARK_INTERFERON_GAMMA_RESPONSE	1.270397	0.14895087	-0.1
HALLMARK_UNFOLDED_PROTEIN_RESPONSE	1.2354455	0.17909046	-0.1
HALLMARK_INTERFERON_ALPHA_RESPONSE	1.2261218	0.1766622	-0.1
HALLMARK_KRAS_SIGNALING_UP	1.1620402	0.25696114	-0.1
HALLMARK_BILE_ACID_METABOLISM	1.1586903	0.2494205	-0.1
HALLMARK_ESTROGEN_RESPONSE_LATE	1.0995152	0.34308755	-0.1
HALLMARK_REACTIVE_OXYGEN_SPECIES_PATHWAY	1.0989342	0.329053	-0.1
HALLMARK_ADIPOGENESIS	1.0956817	0.32067505	-0.1
HALLMARK_GLYCOLYSIS	1.076162	0.35038376	-0.1
HALLMARK_TGF_BETA_SIGNALING	0.9668262	0.62281823	-0.1
HALLMARK_PI3K_AKT_MTOR_SIGNALING	0.9425966	0.66438085	-0.1
HALLMARK_P53_PATHWAY	0.9407859	0.6437628	-0.1
HALLMARK_MITOTIC_SPINDLE	0.877503	0.7691048	-0.1
HALLMARK_ESTROGEN_RESPONSE_EARLY	0.8410444	0.8148471	-0.1
HALLMARK_MYOGENESIS	-2.2388172	0	-0.05
HALLMARK_KRAS_SIGNALING_DN	-2.0331864	7.6734694e-05	-0.05
HALLMARK_ANGIOGENESIS	-1.7625918	0.00305797	-0.05
HALLMARK_EPITHELIAL_MESENCHYMAL_TRANSITION	-1.6778455	0.0065827505	-0.05
HALLMARK_COAGULATION	-1.4041318	0.108935855	-0.05
HALLMARK_XENOBIOTIC_METABOLISM	-1.3830389	0.110587634	-0.05
HALLMARK_WNT_BETA_CATENIN_SIGNALING	-1.2905225	0.21469447	-0.05
HALLMARK_APICAL_JUNCTION	-1.2352046	0.29002059	-0.05
HALLMARK_SPERMATOGENESIS	-1.1249466	0.5348023	-0.05
HALLMARK_APICAL_SURFACE	-1.08389	0.5996769	-0.05
HALLMARK_HEDGEHOG_SIGNALING	-1.028682	0.70462966	-0.05
HALLMARK_NOTCH_SIGNALING	-0.9450312	0.88047916	-0.05
HALLMARK_IL6_JAK_STAT3_SIGNALING	-0.91685545	0.88436294	-0.05
HALLMARK_PANCREAS_BETA_CELLS	-0.90724576	0.84295136	-0.05
HALLMARK_HYPOXIA	-0.77155393	1	-0.05
HALLMARK_COMPLEMENT	-0.7478623	1	-0.05
HALLMARK_UV_RESPONSE_DN	-0.7174131	0.9756291	-0.05
HALLMARK_HEME_METABOLISM	-0.62766486	0.97953457	-0.05
HALLMARK_OXIDATIVE_PHOSPHORYLATION	2.5992663	0	-0.05
HALLMARK_ALLOGRAFT_REJECTION	2.5486603	0	-0.05
HALLMARK_MYC_TARGETS_V1	2.503689	0	-0.05
HALLMARK_PROTEIN_SECRETION	2.2285304	0	-0.05
HALLMARK_E2F_TARGETS	2.1606362	0	-0.05
HALLMARK_G2M_CHECKPOINT	1.9882532	0.00040168708	-0.05
HALLMARK_TNFA_SIGNALING_VIA_NFKB	1.9568249	0.0004973269	-0.05
HALLMARK_MTORC1_SIGNALING	1.756231	0.008827552	-0.05
HALLMARK_IL2_STAT5_SIGNALING	1.6741863	0.013692811	-0.05
HALLMARK_APOPTOSIS	1.4978408	0.050841488	-0.05
HALLMARK_INFLAMMATORY_RESPONSE	1.4951402	0.04736887	-0.05
HALLMARK_DNA_REPAIR	1.4671705	0.052022006	-0.05
HALLMARK_PEROXISOME	1.4182153	0.0652337	-0.05
HALLMARK_ANDROGEN_RESPONSE	1.4013138	0.06868699	-0.05
HALLMARK_INTERFERON_ALPHA_RESPONSE	1.399102	0.065689616	-0.05
HALLMARK_MYC_TARGETS_V2	1.3915615	0.06494128	-0.05
HALLMARK_INTERFERON_GAMMA_RESPONSE	1.3473586	0.082240984	-0.05
HALLMARK_UNFOLDED_PROTEIN_RESPONSE	1.3320602	0.08707093	-0.05
HALLMARK_BILE_ACID_METABOLISM	1.2515535	0.14789847	-0.05
HALLMARK_ADIPOGENESIS	1.2454855	0.14591806	-0.05
HALLMARK_REACTIVE_OXYGEN_SPECIES_PATHWAY	1.2152023	0.17332706	-0.05
HALLMARK_GLYCOLYSIS	1.214105	0.1674276	-0.05
HALLMARK_KRAS_SIGNALING_UP	1.1964507	0.18113142	-0.05
HALLMARK_ESTROGEN_RESPONSE_LATE	1.1898508	0.18291242	-0.05
HALLMARK_MITOTIC_SPINDLE	1.0637615	0.4053725	-0.05
HALLMARK_P53_PATHWAY	1.0560577	0.40624174	-0.05
HALLMARK_FATTY_ACID_METABOLISM	1.0349796	0.44214085	-0.05
HALLMARK_PI3K_AKT_MTOR_SIGNALING	1.0112405	0.49107942	-0.05
HALLMARK_TGF_BETA_SIGNALING	0.9929185	0.52269983	-0.05
HALLMARK_ESTROGEN_RESPONSE_EARLY	0.9452886	0.6322737	-0.05
HALLMARK_UV_RESPONSE_UP	0.8623694	0.8097628	-0.05
HALLMARK_CHOLESTEROL_HOMEOSTASIS	0.69140697	0.9691267	-0.05
HALLMARK_MYOGENESIS	-2.3756716	0	0
HALLMARK_KRAS_SIGNALING_DN	-2.125097	0	0
HALLMARK_ANGIOGENESIS	-1.7674545	0.0040657124	0
HALLMARK_EPITHELIAL_MESENCHYMAL_TRANSITION	-1.7160918	0.005518993	0
HALLMARK_COAGULATION	-1.406809	0.10826689	0
HALLMARK_XENOBIOTIC_METABOLISM	-1.4012239	0.09458522	0
HALLMARK_WNT_BETA_CATENIN_SIGNALING	-1.2874238	0.20731951	0
HALLMARK_APICAL_JUNCTION	-1.2237253	0.2875704	0
HALLMARK_SPERMATOGENESIS	-1.1417892	0.42578107	0
HALLMARK_APICAL_SURFACE	-1.0439836	0.63057005	0
HALLMARK_IL6_JAK_STAT3_SIGNALING	-0.93333465	0.86792874	0
HALLMARK_HEDGEHOG_SIGNALING	-0.9310472	0.8015016	0
HALLMARK_NOTCH_SIGNALING	-0.92108387	0.7617604	0
HALLMARK_PANCREAS_BETA_CELLS	-0.9079937	0.73516405	0
HALLMARK_HYPOXIA	-0.7317989	0.9752721	0
HALLMARK_UV_RESPONSE_DN	-0.6326437	0.9813332	0
HALLMARK_OXIDATIVE_PHOSPHORYLATION	2.619112	0	0
HALLMARK_ALLOGRAFT_REJECTION	2.594226	0	0
HALLMARK_MYC_TARGETS_V1	2.5393891	0	0
HALLMARK_E2F_TARGETS	2.231182	0	0
HALLMARK_PROTEIN_SECRETION	2.205389	0	0
HALLMARK_G2M_CHECKPOINT	2.0382667	0	0
HALLMARK_TNFA_SIGNALING_VIA_NFKB	1.9844016	0.0002914286	0
HALLMARK_MTORC1_SIGNALING	1.860705	0.0020717373	0
HALLMARK_IL2_STAT5_SIGNALING	1.7621783	0.0049522677	0
HALLMARK_DNA_REPAIR	1.5265509	0.03925354	0
HALLMARK_INFLAMMATORY_RESPONSE	1.5206034	0.03736641	0
HALLMARK_APOPTOSIS	1.5178858	0.034426816	0
HALLMARK_INTERFERON_ALPHA_RESPONSE	1.4986963	0.037801154	0
HALLMARK_MYC_TARGETS_V2	1.4981496	0.035101075	0
HALLMARK_PEROXISOME	1.495096	0.033109967	0
HALLMARK_ANDROGEN_RESPONSE	1.4416982	0.046894833	0
HALLMARK_UNFOLDED_PROTEIN_RESPONSE	1.414024	0.05317135	0
HALLMARK_INTERFERON_GAMMA_RESPONSE	1.4013798	0.054907896	0
HALLMARK_ADIPOGENESIS	1.3562306	0.07252423	0
HALLMARK_BILE_ACID_METABOLISM	1.3495512	0.072194815	0
HALLMARK_REACTIVE_OXYGEN_SPECIES_PATHWAY	1.3080801	0.09402574	0
HALLMARK_GLYCOLYSIS	1.3028482	0.09311947	0
HALLMARK_KRAS_SIGNALING_UP	1.2872221	0.09947549	0
HALLMARK_ESTROGEN_RESPONSE_LATE	1.2718992	0.10562051	0
HALLMARK_MITOTIC_SPINDLE	1.1913979	0.17880838	0
HALLMARK_P53_PATHWAY	1.1491756	0.22959049	0
HALLMARK_FATTY_ACID_METABOLISM	1.1428329	0.23081341	0
HALLMARK_ESTROGEN_RESPONSE_EARLY	1.0950507	0.30666396	0
HALLMARK_COMPLEMENT	1.0932026	0.29902467	0
HALLMARK_PI3K_AKT_MTOR_SIGNALING	1.0896236	0.29595795	0
HALLMARK_TGF_BETA_SIGNALING	0.9863183	0.53495926	0
HALLMARK_UV_RESPONSE_UP	0.90480804	0.7382625	0
HALLMARK_HEME_METABOLISM	0.8586445	0.8215825	0
HALLMARK_CHOLESTEROL_HOMEOSTASIS	0.8413268	0.82871914	0
HALLMARK_MYOGENESIS	-2.4947615	0	0.05
HALLMARK_KRAS_SIGNALING_DN	-2.2203817	0	0.05
HALLMARK_ANGIOGENESIS	-1.7731259	0.0045896354	0.05
HALLMARK_EPITHELIAL_MESENCHYMAL_TRANSITION	-1.7292026	0.0055807442	0.05
HALLMARK_COAGULATION	-1.4155006	0.092318036	0.05
HALLMARK_XENOBIOTIC_METABOLISM	-1.4070454	0.08230572	0.05
HALLMARK_WNT_BETA_CATENIN_SIGNALING	-1.2685981	0.20944306	0.05
HALLMARK_APICAL_JUNCTION	-1.1965941	0.29806235	0.05
HALLMARK_SPERMATOGENESIS	-1.1515341	0.34578994	0.05
HALLMARK_APICAL_SURFACE	-1.0073119	0.62776667	0.05
HALLMARK_PANCREAS_BETA_CELLS	-0.91613054	0.79302174	0.05
HALLMARK_NOTCH_SIGNALING	-0.8852099	0.79665184	0.05
HALLMARK_HEDGEHOG_SIGNALING	-0.80017996	0.8996943	0.05
HALLMARK_UV_RESPONSE_DN	-0.5311544	0.9979039	0.05
HALLMARK_OXIDATIVE_PHOSPHORYLATION	2.607014	0	0.05
HALLMARK_ALLOGRAFT_REJECTION	2.5964599	0	0.05
HALLMARK_MYC_TARGETS_V1	2.52359	0	0.05
HALLMARK_E2F_TARGETS	2.2820308	0	0.05
HALLMARK_PROTEIN_SECRETION	2.194259	0	0.05
HALLMARK_G2M_CHECKPOINT	2.0693989	0.00059047615	0.05
HALLMARK_TNFA_SIGNALING_VIA_NFKB	2.0412197	0.00059183675	0.05
HALLMARK_MTORC1_SIGNALING	1.9680051	0.0010081198	0.05
HALLMARK_IL2_STAT5_SIGNALING	1.8281358	0.002447411	0.05
HALLMARK_DNA_REPAIR	1.6105542	0.018090077	0.05
HALLMARK_INTERFERON_ALPHA_RESPONSE	1.6014143	0.017580867	0.05
HALLMARK_APOPTOSIS	1.5653062	0.020331072	0.05
HALLMARK_INFLAMMATORY_RESPONSE	1.5609372	0.01962835	0.05
HALLMARK_MYC_TARGETS_V2	1.5525912	0.019457022	0.05
HALLMARK_PEROXISOME	1.5369362	0.02076943	0.05
HALLMARK_INTERFERON_GAMMA_RESPONSE	1.4897318	0.029301979	0.05
HALLMARK_ANDROGEN_RESPONSE	1.4686292	0.032834295	0.05
HALLMARK_ADIPOGENESIS	1.4502448	0.036459755	0.05
HALLMARK_UNFOLDED_PROTEIN_RESPONSE	1.4463953	0.035650034	0.05
HALLMARK_BILE_ACID_METABOLISM	1.4361842	0.03677415	0.05
HALLMARK_GLYCOLYSIS	1.3743476	0.057254333	0.05
HALLMARK_REACTIVE_OXYGEN_SPECIES_PATHWAY	1.3694712	0.057049043	0.05
HALLMARK_ESTROGEN_RESPONSE_LATE	1.336503	0.07038297	0.05
HALLMARK_KRAS_SIGNALING_UP	1.3354988	0.06783697	0.05
HALLMARK_MITOTIC_SPINDLE	1.2884898	0.09406501	0.05
HALLMARK_FATTY_ACID_METABOLISM	1.2406965	0.12822352	0.05
HALLMARK_P53_PATHWAY	1.2190722	0.1447632	0.05
HALLMARK_ESTROGEN_RESPONSE_EARLY	1.2030904	0.15765059	0.05
HALLMARK_COMPLEMENT	1.1608907	0.20548056	0.05
HALLMARK_PI3K_AKT_MTOR_SIGNALING	1.141585	0.22646631	0.05
HALLMARK_IL6_JAK_STAT3_SIGNALING	1.1238446	0.24794275	0.05
HALLMARK_TGF_BETA_SIGNALING	1.0172669	0.4646666	0.05
HALLMARK_HEME_METABOLISM	0.9999074	0.494263	0.05
HALLMARK_CHOLESTEROL_HOMEOSTASIS	0.9783863	0.5368857	0.05
HALLMARK_UV_RESPONSE_UP	0.95803857	0.57488036	0.05
HALLMARK_HYPOXIA	0.86395895	0.7867646	0.05
HALLMARK_MYOGENESIS	-2.6074266	0	0.1
HALLMARK_KRAS_SIGNALING_DN	-2.2930079	0	0.1
HALLMARK_ANGIOGENESIS	-1.7538189	0.0062972326	0.1
HALLMARK_EPITHELIAL_MESENCHYMAL_TRANSITION	-1.7213215	0.0067615747	0.1
HALLMARK_COAGULATION	-1.4115556	0.09003448	0.1
HALLMARK_XENOBIOTIC_METABOLISM	-1.405159	0.07883982	0.1
HALLMARK_WNT_BETA_CATENIN_SIGNALING	-1.2168256	0.26428124	0.1
HALLMARK_APICAL_JUNCTION	-1.1693084	0.31132603	0.1
HALLMARK_SPERMATOGENESIS	-1.1432549	0.32193506	0.1
HALLMARK_APICAL_SURFACE	-0.9536849	0.7097295	0.1
HALLMARK_PANCREAS_BETA_CELLS	-0.9055232	0.7636751	0.1
HALLMARK_NOTCH_SIGNALING	-0.8421037	0.8383901	0.1
HALLMARK_HEDGEHOG_SIGNALING	-0.648834	0.9830677	0.1
HALLMARK_ALLOGRAFT_REJECTION	2.5934818	0	0.1
HALLMARK_OXIDATIVE_PHOSPHORYLATION	2.5358326	0	0.1
HALLMARK_MYC_TARGETS_V1	2.463285	0	0.1
HALLMARK_E2F_TARGETS	2.2876794	0	0.1
HALLMARK_PROTEIN_SECRETION	2.1582713	0	0.1
HALLMARK_G2M_CHECKPOINT	2.1152937	0	0.1
HALLMARK_TNFA_SIGNALING_VIA_NFKB	2.0839696	8.131868e-05	0.1
HALLMARK_MTORC1_SIGNALING	2.024013	0.00029976116	0.1
HALLMARK_IL2_STAT5_SIGNALING	1.9009684	0.0010192952	0.1
HALLMARK_DNA_REPAIR	1.680415	0.008027162	0.1
HALLMARK_INTERFERON_ALPHA_RESPONSE	1.6414921	0.010449833	0.1
HALLMARK_APOPTOSIS	1.6314867	0.0106888	0.1
HALLMARK_INFLAMMATORY_RESPONSE	1.5912156	0.01464019	0.1
HALLMARK_MYC_TARGETS_V2	1.5793577	0.015590427	0.1
HALLMARK_PEROXISOME	1.5569597	0.018086644	0.1
HALLMARK_INTERFERON_GAMMA_RESPONSE	1.5510972	0.01758256	0.1
HALLMARK_ADIPOGENESIS	1.5319749	0.019708697	0.1
HALLMARK_ANDROGEN_RESPONSE	1.4844017	0.028295793	0.1
HALLMARK_UNFOLDED_PROTEIN_RESPONSE	1.4803437	0.027827134	0.1
HALLMARK_BILE_ACID_METABOLISM	1.4755474	0.027535565	0.1
HALLMARK_GLYCOLYSIS	1.424602	0.040507916	0.1
HALLMARK_ESTROGEN_RESPONSE_LATE	1.4187627	0.040677156	0.1
HALLMARK_REACTIVE_OXYGEN_SPECIES_PATHWAY	1.4120265	0.040990222	0.1
HALLMARK_KRAS_SIGNALING_UP	1.3702334	0.055302832	0.1
HALLMARK_MITOTIC_SPINDLE	1.3448596	0.06508194	0.1
HALLMARK_FATTY_ACID_METABOLISM	1.3164084	0.07743544	0.1
HALLMARK_ESTROGEN_RESPONSE_EARLY	1.2886934	0.09189729	0.1
HALLMARK_P53_PATHWAY	1.27099	0.10141302	0.1
HALLMARK_COMPLEMENT	1.2293062	0.1340597	0.1
HALLMARK_PI3K_AKT_MTOR_SIGNALING	1.2065493	0.1520339	0.1
HALLMARK_IL6_JAK_STAT3_SIGNALING	1.125347	0.25936705	0.1
HALLMARK_CHOLESTEROL_HOMEOSTASIS	1.1032703	0.28859657	0.1
HALLMARK_HEME_METABOLISM	1.1000838	0.28580168	0.1
HALLMARK_TGF_BETA_SIGNALING	1.0988605	0.279614	0.1
HALLMARK_UV_RESPONSE_UP	1.0311226	0.40521306	0.1
HALLMARK_HYPOXIA	0.8967521	0.72660637	0.1
HALLMARK_UV_RESPONSE_DN	0.64740217	0.9870624	0.1
HALLMARK_MYOGENESIS	-2.702961	0	0.15
HALLMARK_KRAS_SIGNALING_DN	-2.359828	0	0.15
HALLMARK_ANGIOGENESIS	-1.727656	0.009178217	0.15
HALLMARK_EPITHELIAL_MESENCHYMAL_TRANSITION	-1.7118807	0.007713237	0.15
HALLMARK_COAGULATION	-1.4028369	0.08784948	0.15
HALLMARK_XENOBIOTIC_METABOLISM	-1.3815608	0.08615207	0.15
HALLMARK_WNT_BETA_CATENIN_SIGNALING	-1.161213	0.32842213	0.15
HALLMARK_SPERMATOGENESIS	-1.1269017	0.34981534	0.15
HALLMARK_APICAL_JUNCTION	-1.1028044	0.3549197	0.15
HALLMARK_APICAL_SURFACE	-0.8846569	0.8400831	0.15
HALLMARK_NOTCH_SIGNALING	-0.78866464	0.9604841	0.15
HALLMARK_HEDGEHOG_SIGNALING	-0.4962685	0.99922186	0.15
HALLMARK_ALLOGRAFT_REJECTION	2.5587225	0	0.15
HALLMARK_OXIDATIVE_PHOSPHORYLATION	2.4751756	0	0.15
HALLMARK_MYC_TARGETS_V1	2.430331	0	0.15
HALLMARK_E2F_TARGETS	2.2972882	0	0.15
HALLMARK_PROTEIN_SECRETION	2.1553407	0	0.15
HALLMARK_G2M_CHECKPOINT	2.127989	0	0.15
HALLMARK_TNFA_SIGNALING_VIA_NFKB	2.1073844	0	0.15
HALLMARK_MTORC1_SIGNALING	2.0342722	8.118182e-05	0.15
HALLMARK_IL2_STAT5_SIGNALING	1.937076	0.00033270544	0.15
HALLMARK_DNA_REPAIR	1.7203912	0.005240876	0.15
HALLMARK_INTERFERON_ALPHA_RESPONSE	1.6820779	0.0072923847	0.15
HALLMARK_APOPTOSIS	1.6778102	0.006991139	0.15
HALLMARK_INFLAMMATORY_RESPONSE	1.6096287	0.01271092	0.15
HALLMARK_ADIPOGENESIS	1.5860344	0.014865795	0.15
HALLMARK_INTERFERON_GAMMA_RESPONSE	1.5799248	0.0145020215	0.15
HALLMARK_PEROXISOME	1.5534447	0.017043179	0.15
HALLMARK_MYC_TARGETS_V2	1.5391371	0.01841736	0.15
HALLMARK_UNFOLDED_PROTEIN_RESPONSE	1.5120865	0.022455197	0.15
HALLMARK_GLYCOLYSIS	1.508719	0.022080317	0.15
HALLMARK_BILE_ACID_METABOLISM	1.508501	0.021029506	0.15
HALLMARK_ESTROGEN_RESPONSE_LATE	1.4726582	0.027471473	0.15
HALLMARK_ANDROGEN_RESPONSE	1.4722269	0.026328053	0.15
HALLMARK_REACTIVE_OXYGEN_SPECIES_PATHWAY	1.421639	0.0395989	0.15
HALLMARK_KRAS_SIGNALING_UP	1.3880731	0.050804432	0.15
HALLMARK_MITOTIC_SPINDLE	1.3701108	0.05670782	0.15
HALLMARK_FATTY_ACID_METABOLISM	1.3552351	0.061471272	0.15
HALLMARK_ESTROGEN_RESPONSE_EARLY	1.3347585	0.06970353	0.15
HALLMARK_P53_PATHWAY	1.3157165	0.0782601	0.15
HALLMARK_COMPLEMENT	1.2727963	0.105917156	0.15
HALLMARK_PI3K_AKT_MTOR_SIGNALING	1.2587178	0.114181586	0.15
HALLMARK_CHOLESTEROL_HOMEOSTASIS	1.2235507	0.14411694	0.15
HALLMARK_HEME_METABOLISM	1.1826192	0.18575205	0.15
HALLMARK_TGF_BETA_SIGNALING	1.1631435	0.20512082	0.15
HALLMARK_IL6_JAK_STAT3_SIGNALING	1.1571403	0.20693249	0.15
HALLMARK_UV_RESPONSE_UP	1.0992343	0.287636	0.15
HALLMARK_PANCREAS_BETA_CELLS	1.0219997	0.42869738	0.15
HALLMARK_HYPOXIA	0.915749	0.6682157	0.15
HALLMARK_UV_RESPONSE_DN	0.78842527	0.89508396	0.15
HALLMARK_MYOGENESIS	-2.7812862	0	0.2
HALLMARK_KRAS_SIGNALING_DN	-2.3737814	0	0.2
HALLMARK_ANGIOGENESIS	-1.7072829	0.011265063	0.2
HALLMARK_EPITHELIAL_MESENCHYMAL_TRANSITION	-1.6586915	0.012956609	0.2
HALLMARK_COAGULATION	-1.365881	0.103789344	0.2
HALLMARK_XENOBIOTIC_METABOLISM	-1.3474382	0.09924098	0.2
HALLMARK_SPERMATOGENESIS	-1.1056744	0.4020218	0.2
HALLMARK_WNT_BETA_CATENIN_SIGNALING	-1.0715466	0.42597848	0.2
HALLMARK_APICAL_JUNCTION	-1.0101017	0.51936543	0.2
HALLMARK_APICAL_SURFACE	-0.85673535	0.846986	0.2
HALLMARK_HEDGEHOG_SIGNALING	-0.47254437	0.9994524	0.2
HALLMARK_ALLOGRAFT_REJECTION	2.5400603	0	0.2
HALLMARK_OXIDATIVE_PHOSPHORYLATION	2.4261057	0	0.2
HALLMARK_MYC_TARGETS_V1	2.3640535	0	0.2
HALLMARK_E2F_TARGETS	2.2707148	0	0.2
HALLMARK_PROTEIN_SECRETION	2.1615	0	0.2
HALLMARK_G2M_CHECKPOINT	2.1035357	0	0.2
HALLMARK_TNFA_SIGNALING_VIA_NFKB	2.0963717	0	0.2
HALLMARK_MTORC1_SIGNALING	2.0308235	6.0997067e-05	0.2
HALLMARK_IL2_STAT5_SIGNALING	1.9414539	0.00022029266	0.2
HALLMARK_DNA_REPAIR	1.7682346	0.002195433	0.2
HALLMARK_INTERFERON_ALPHA_RESPONSE	1.6951191	0.005690106	0.2
HALLMARK_APOPTOSIS	1.6942879	0.005317893	0.2
HALLMARK_INFLAMMATORY_RESPONSE	1.6308017	0.009678887	0.2
HALLMARK_ADIPOGENESIS	1.6085179	0.011415325	0.2
HALLMARK_INTERFERON_GAMMA_RESPONSE	1.5947143	0.012159103	0.2
HALLMARK_UNFOLDED_PROTEIN_RESPONSE	1.5658602	0.015288695	0.2
HALLMARK_GLYCOLYSIS	1.5564526	0.01563355	0.2
HALLMARK_PEROXISOME	1.5450404	0.016493434	0.2
HALLMARK_BILE_ACID_METABOLISM	1.5297357	0.01823578	0.2
HALLMARK_ESTROGEN_RESPONSE_LATE	1.5239365	0.018310767	0.2
HALLMARK_MYC_TARGETS_V2	1.5109036	0.019628545	0.2
HALLMARK_ANDROGEN_RESPONSE	1.4984076	0.021164883	0.2
HALLMARK_KRAS_SIGNALING_UP	1.3973999	0.052843556	0.2
HALLMARK_FATTY_ACID_METABOLISM	1.3911521	0.053535573	0.2
HALLMARK_REACTIVE_OXYGEN_SPECIES_PATHWAY	1.3804848	0.05655868	0.2
HALLMARK_MITOTIC_SPINDLE	1.3763615	0.056470245	0.2
HALLMARK_ESTROGEN_RESPONSE_EARLY	1.3633561	0.06092353	0.2
HALLMARK_P53_PATHWAY	1.326838	0.078863956	0.2
HALLMARK_COMPLEMENT	1.3054811	0.090119086	0.2
HALLMARK_CHOLESTEROL_HOMEOSTASIS	1.3028939	0.08876085	0.2
HALLMARK_PI3K_AKT_MTOR_SIGNALING	1.2720869	0.108866364	0.2
HALLMARK_HEME_METABOLISM	1.2405926	0.1330487	0.2
HALLMARK_TGF_BETA_SIGNALING	1.2025285	0.16938779	0.2
HALLMARK_IL6_JAK_STAT3_SIGNALING	1.169653	0.20446621	0.2
HALLMARK_UV_RESPONSE_UP	1.1476449	0.22844577	0.2
HALLMARK_PANCREAS_BETA_CELLS	1.074206	0.34056905	0.2
HALLMARK_HYPOXIA	0.91059834	0.6910578	0.2
HALLMARK_UV_RESPONSE_DN	0.88624	0.7275691	0.2
HALLMARK_NOTCH_SIGNALING	0.8130116	0.848418	0.2
HALLMARK_MYOGENESIS	-2.8256137	0	0.25
HALLMARK_KRAS_SIGNALING_DN	-2.4148333	0	0.25
HALLMARK_ANGIOGENESIS	-1.7027677	0.011492966	0.25
HALLMARK_EPITHELIAL_MESENCHYMAL_TRANSITION	-1.5985632	0.019782068	0.25
HALLMARK_COAGULATION	-1.3321044	0.11516986	0.25
HALLMARK_XENOBIOTIC_METABOLISM	-1.2704902	0.14679919	0.25
HALLMARK_WNT_BETA_CATENIN_SIGNALING	-0.9845816	0.6881112	0.25
HALLMARK_APICAL_JUNCTION	-0.90630656	0.8334914	0.25
HALLMARK_APICAL_SURFACE	-0.81522655	0.9463196	0.25
HALLMARK_HEDGEHOG_SIGNALING	-0.48661572	0.9991008	0.25
HALLMARK_ALLOGRAFT_REJECTION	2.479942	0	0.25
HALLMARK_OXIDATIVE_PHOSPHORYLATION	2.3778193	0	0.25
HALLMARK_MYC_TARGETS_V1	2.3021207	0	0.25
HALLMARK_E2F_TARGETS	2.2248814	0	0.25
HALLMARK_PROTEIN_SECRETION	2.1431193	0	0.25
HALLMARK_TNFA_SIGNALING_VIA_NFKB	2.0652328	3.508772e-05	0.25
HALLMARK_G2M_CHECKPOINT	2.055311	3.0075189e-05	0.25
HALLMARK_MTORC1_SIGNALING	2.0101728	0.000106203006	0.25
HALLMARK_IL2_STAT5_SIGNALING	1.9282844	0.0003370744	0.25
HALLMARK_DNA_REPAIR	1.7593853	0.0026905725	0.25
HALLMARK_INTERFERON_ALPHA_RESPONSE	1.6866838	0.005912411	0.25
HALLMARK_APOPTOSIS	1.6845512	0.0055349846	0.25
HALLMARK_INFLAMMATORY_RESPONSE	1.6204443	0.0109427795	0.25
HALLMARK_ADIPOGENESIS	1.6198469	0.010193353	0.25
HALLMARK_UNFOLDED_PROTEIN_RESPONSE	1.6036339	0.011179092	0.25
HALLMARK_GLYCOLYSIS	1.6003245	0.010796426	0.25
HALLMARK_INTERFERON_GAMMA_RESPONSE	1.592515	0.010927346	0.25
HALLMARK_ESTROGEN_RESPONSE_LATE	1.5474889	0.016476203	0.25
HALLMARK_BILE_ACID_METABOLISM	1.5225196	0.020144934	0.25
HALLMARK_PEROXISOME	1.5001338	0.024161948	0.25
HALLMARK_ANDROGEN_RESPONSE	1.4944599	0.024543859	0.25
HALLMARK_MYC_TARGETS_V2	1.4521279	0.03554288	0.25
HALLMARK_FATTY_ACID_METABOLISM	1.410437	0.050770175	0.25
HALLMARK_MITOTIC_SPINDLE	1.4002931	0.05304771	0.25
HALLMARK_KRAS_SIGNALING_UP	1.3850234	0.05801447	0.25
HALLMARK_ESTROGEN_RESPONSE_EARLY	1.3644891	0.06636202	0.25
HALLMARK_REACTIVE_OXYGEN_SPECIES_PATHWAY	1.3414135	0.078318834	0.25
HALLMARK_CHOLESTEROL_HOMEOSTASIS	1.3384514	0.077298716	0.25
HALLMARK_P53_PATHWAY	1.3377197	0.07507912	0.25
HALLMARK_COMPLEMENT	1.3213296	0.08275277	0.25
HALLMARK_PI3K_AKT_MTOR_SIGNALING	1.2890205	0.10342773	0.25
HALLMARK_HEME_METABOLISM	1.2776425	0.10924397	0.25
HALLMARK_TGF_BETA_SIGNALING	1.2256831	0.15535824	0.25
HALLMARK_IL6_JAK_STAT3_SIGNALING	1.1784095	0.20742875	0.25
HALLMARK_UV_RESPONSE_UP	1.1740801	0.20719345	0.25
HALLMARK_PANCREAS_BETA_CELLS	1.1210487	0.27817544	0.25
HALLMARK_SPERMATOGENESIS	1.0589573	0.37894532	0.25
HALLMARK_UV_RESPONSE_DN	0.9622953	0.56942344	0.25
HALLMARK_HYPOXIA	0.9083535	0.67072654	0.25
HALLMARK_NOTCH_SIGNALING	0.85658914	0.75755304	0.25
HALLMARK_MYOGENESIS	-2.8716896	0	0.3
HALLMARK_KRAS_SIGNALING_DN	-2.4303088	0	0.3
HALLMARK_ANGIOGENESIS	-1.6542907	0.013814159	0.3
HALLMARK_EPITHELIAL_MESENCHYMAL_TRANSITION	-1.504862	0.029729053	0.3
HALLMARK_COAGULATION	-1.2598008	0.1302959	0.3
HALLMARK_XENOBIOTIC_METABOLISM	-1.2180989	0.14501926	0.3
HALLMARK_WNT_BETA_CATENIN_SIGNALING	-0.89750534	0.6924633	0.3
HALLMARK_ALLOGRAFT_REJECTION	2.4282906	0	0.3
HALLMARK_OXIDATIVE_PHOSPHORYLATION	2.3017235	0	0.3
HALLMARK_MYC_TARGETS_V1	2.2428071	0	0.3
HALLMARK_E2F_TARGETS	2.1677225	0	0.3
HALLMARK_PROTEIN_SECRETION	2.1099372	0	0.3
HALLMARK_TNFA_SIGNALING_VIA_NFKB	2.0399542	0.00015038316	0.3
HALLMARK_G2M_CHECKPOINT	2.0051177	0.00018672299	0.3
HALLMARK_MTORC1_SIGNALING	1.96686	0.00018838259	0.3
HALLMARK_IL2_STAT5_SIGNALING	1.8992245	0.0005543413	0.3
HALLMARK_DNA_REPAIR	1.7521241	0.0024403364	0.3
HALLMARK_APOPTOSIS	1.6684241	0.006494223	0.3
HALLMARK_INTERFERON_ALPHA_RESPONSE	1.6591462	0.0067524537	0.3
HALLMARK_UNFOLDED_PROTEIN_RESPONSE	1.6299038	0.009143362	0.3
HALLMARK_ADIPOGENESIS	1.6224246	0.009382761	0.3
HALLMARK_GLYCOLYSIS	1.6167578	0.009329616	0.3
HALLMARK_INTERFERON_GAMMA_RESPONSE	1.6147635	0.008994058	0.3
HALLMARK_INFLAMMATORY_RESPONSE	1.6146233	0.008464996	0.3
HALLMARK_ESTROGEN_RESPONSE_LATE	1.5487033	0.016820876	0.3
HALLMARK_ANDROGEN_RESPONSE	1.5352268	0.018374309	0.3
HALLMARK_BILE_ACID_METABOLISM	1.5043353	0.02437695	0.3
HALLMARK_PEROXISOME	1.476744	0.031014765	0.3
HALLMARK_FATTY_ACID_METABOLISM	1.4121537	0.05688501	0.3
HALLMARK_MYC_TARGETS_V2	1.3915743	0.06560955	0.3
HALLMARK_MITOTIC_SPINDLE	1.3806113	0.06889641	0.3
HALLMARK_KRAS_SIGNALING_UP	1.3787079	0.06721032	0.3
HALLMARK_CHOLESTEROL_HOMEOSTASIS	1.3649187	0.07312226	0.3
HALLMARK_ESTROGEN_RESPONSE_EARLY	1.3426857	0.08539197	0.3
HALLMARK_P53_PATHWAY	1.336084	0.08699408	0.3
HALLMARK_COMPLEMENT	1.3271929	0.09036312	0.3
HALLMARK_PI3K_AKT_MTOR_SIGNALING	1.3075408	0.10245509	0.3
HALLMARK_HEME_METABOLISM	1.3049766	0.10133388	0.3
HALLMARK_REACTIVE_OXYGEN_SPECIES_PATHWAY	1.2923146	0.108545974	0.3
HALLMARK_TGF_BETA_SIGNALING	1.2745962	0.12050292	0.3
HALLMARK_UV_RESPONSE_UP	1.2052996	0.19267318	0.3
HALLMARK_IL6_JAK_STAT3_SIGNALING	1.1908419	0.20693934	0.3
HALLMARK_PANCREAS_BETA_CELLS	1.1719644	0.22790337	0.3
HALLMARK_SPERMATOGENESIS	1.0660516	0.40301517	0.3
HALLMARK_UV_RESPONSE_DN	1.0290177	0.4684902	0.3
HALLMARK_HYPOXIA	0.9432956	0.6410888	0.3
HALLMARK_NOTCH_SIGNALING	0.8707063	0.77789783	0.3
HALLMARK_APICAL_JUNCTION	0.819745	0.85254025	0.3
HALLMARK_APICAL_SURFACE	0.8093931	0.8492241	0.3
HALLMARK_HEDGEHOG_SIGNALING	0.47889662	0.9992457	0.3
HALLMARK_MYOGENESIS	-2.8410282	0	0.35
HALLMARK_KRAS_SIGNALING_DN	-2.4840784	0	0.35
HALLMARK_ANGIOGENESIS	-1.6363235	0.016455095	0.35
HALLMARK_EPITHELIAL_MESENCHYMAL_TRANSITION	-1.4062699	0.059382856	0.35
HALLMARK_COAGULATION	-1.2063706	0.18545021	0.35
HALLMARK_XENOBIOTIC_METABOLISM	-1.1167694	0.27358642	0.35
HALLMARK_WNT_BETA_CATENIN_SIGNALING	-0.81113285	0.8566977	0.35
HALLMARK_ALLOGRAFT_REJECTION	2.3759894	0	0.35
HALLMARK_OXIDATIVE_PHOSPHORYLATION	2.2516806	0	0.35
HALLMARK_MYC_TARGETS_V1	2.1617916	0	0.35
HALLMARK_E2F_TARGETS	2.1058853	0	0.35
HALLMARK_PROTEIN_SECRETION	2.0834568	0	0.35
HALLMARK_TNFA_SIGNALING_VIA_NFKB	1.9921868	9.772727e-05	0.35
HALLMARK_G2M_CHECKPOINT	1.9447181	0.00019253939	0.35
HALLMARK_MTORC1_SIGNALING	1.9352833	0.00021736082	0.35
HALLMARK_IL2_STAT5_SIGNALING	1.86419	0.0005007401	0.35
HALLMARK_DNA_REPAIR	1.7406862	0.00246021	0.35
HALLMARK_UNFOLDED_PROTEIN_RESPONSE	1.6464473	0.007814688	0.35
HALLMARK_APOPTOSIS	1.6387309	0.007743928	0.35
HALLMARK_INTERFERON_ALPHA_RESPONSE	1.6254067	0.008346597	0.35
HALLMARK_GLYCOLYSIS	1.6195512	0.008445663	0.35
HALLMARK_INTERFERON_GAMMA_RESPONSE	1.618238	0.007959807	0.35
HALLMARK_ADIPOGENESIS	1.6155416	0.0077239675	0.35
HALLMARK_INFLAMMATORY_RESPONSE	1.5997057	0.009102028	0.35
HALLMARK_ESTROGEN_RESPONSE_LATE	1.5627638	0.013382667	0.35
HALLMARK_ANDROGEN_RESPONSE	1.5427939	0.015832221	0.35
HALLMARK_BILE_ACID_METABOLISM	1.4879143	0.02708325	0.35
HALLMARK_PEROXISOME	1.4702222	0.031147996	0.35
HALLMARK_FATTY_ACID_METABOLISM	1.4255848	0.0471657	0.35
HALLMARK_CHOLESTEROL_HOMEOSTASIS	1.3766503	0.07323128	0.35
HALLMARK_KRAS_SIGNALING_UP	1.3573267	0.08416082	0.35
HALLMARK_MITOTIC_SPINDLE	1.3565718	0.08139678	0.35
HALLMARK_MYC_TARGETS_V2	1.343287	0.08784827	0.35
HALLMARK_PI3K_AKT_MTOR_SIGNALING	1.3358096	0.09034279	0.35
HALLMARK_HEME_METABOLISM	1.325847	0.095007665	0.35
HALLMARK_P53_PATHWAY	1.3183687	0.09810202	0.35
HALLMARK_COMPLEMENT	1.3169272	0.09603778	0.35
HALLMARK_ESTROGEN_RESPONSE_EARLY	1.3135439	0.09585699	0.35
HALLMARK_TGF_BETA_SIGNALING	1.2819934	0.11939997	0.35
HALLMARK_REACTIVE_OXYGEN_SPECIES_PATHWAY	1.2575864	0.13941763	0.35
HALLMARK_UV_RESPONSE_UP	1.2381305	0.15691936	0.35
HALLMARK_PANCREAS_BETA_CELLS	1.2063824	0.19086106	0.35
HALLMARK_IL6_JAK_STAT3_SIGNALING	1.1918272	0.20502432	0.35
HALLMARK_SPERMATOGENESIS	1.0685495	0.40899596	0.35
HALLMARK_UV_RESPONSE_DN	1.0650713	0.40500036	0.35
HALLMARK_HYPOXIA	0.9722426	0.58366513	0.35
HALLMARK_NOTCH_SIGNALING	0.87357366	0.76906675	0.35
HALLMARK_APICAL_SURFACE	0.8606633	0.77449316	0.35
HALLMARK_APICAL_JUNCTION	0.83146185	0.80713034	0.35
HALLMARK_HEDGEHOG_SIGNALING	0.6025847	0.9887405	0.35
HALLMARK_MYOGENESIS	-2.8505979	0	0.4
HALLMARK_KRAS_SIGNALING_DN	-2.4692945	0	0.4
HALLMARK_ANGIOGENESIS	-1.6151841	0.017841173	0.4
HALLMARK_EPITHELIAL_MESENCHYMAL_TRANSITION	-1.2653359	0.13601252	0.4
HALLMARK_XENOBIOTIC_METABOLISM	-1.0413184	0.4429686	0.4
HALLMARK_WNT_BETA_CATENIN_SIGNALING	-0.710956	0.9466577	0.4
HALLMARK_ALLOGRAFT_REJECTION	2.3184412	0	0.4
HALLMARK_OXIDATIVE_PHOSPHORYLATION	2.2064214	0	0.4
HALLMARK_MYC_TARGETS_V1	2.1015003	0	0.4
HALLMARK_PROTEIN_SECRETION	2.048493	9.888888e-05	0.4
HALLMARK_E2F_TARGETS	2.037876	7.91111e-05	0.4
HALLMARK_TNFA_SIGNALING_VIA_NFKB	1.9550587	0.00018908012	0.4
HALLMARK_G2M_CHECKPOINT	1.8905554	0.00044213646	0.4
HALLMARK_MTORC1_SIGNALING	1.8789388	0.00045988956	0.4
HALLMARK_IL2_STAT5_SIGNALING	1.8154911	0.00079598353	0.4
HALLMARK_DNA_REPAIR	1.7107505	0.003343155	0.4
HALLMARK_UNFOLDED_PROTEIN_RESPONSE	1.6362323	0.008305528	0.4
HALLMARK_APOPTOSIS	1.6172689	0.009476137	0.4
HALLMARK_GLYCOLYSIS	1.6108277	0.009474024	0.4
HALLMARK_INTERFERON_GAMMA_RESPONSE	1.5973716	0.01033936	0.4
HALLMARK_INTERFERON_ALPHA_RESPONSE	1.5945292	0.009985381	0.4
HALLMARK_ADIPOGENESIS	1.5894473	0.009975167	0.4
HALLMARK_INFLAMMATORY_RESPONSE	1.5713773	0.012119788	0.4
HALLMARK_ESTROGEN_RESPONSE_LATE	1.5506606	0.0144712785	0.4
HALLMARK_ANDROGEN_RESPONSE	1.541741	0.015332351	0.4
HALLMARK_BILE_ACID_METABOLISM	1.4590458	0.035457823	0.4
HALLMARK_PEROXISOME	1.4556817	0.034929093	0.4
HALLMARK_FATTY_ACID_METABOLISM	1.4227643	0.047042266	0.4
HALLMARK_CHOLESTEROL_HOMEOSTASIS	1.377948	0.06984241	0.4
HALLMARK_PI3K_AKT_MTOR_SIGNALING	1.3422695	0.09443664	0.4
HALLMARK_KRAS_SIGNALING_UP	1.3380874	0.094121255	0.4
HALLMARK_MITOTIC_SPINDLE	1.336239	0.091997616	0.4
HALLMARK_HEME_METABOLISM	1.3254435	0.09742991	0.4
HALLMARK_COMPLEMENT	1.311677	0.105661206	0.4
HALLMARK_TGF_BETA_SIGNALING	1.3072747	0.10612833	0.4
HALLMARK_MYC_TARGETS_V2	1.2956363	0.11358566	0.4
HALLMARK_P53_PATHWAY	1.2885174	0.11684731	0.4
HALLMARK_ESTROGEN_RESPONSE_EARLY	1.2708347	0.13113353	0.4
HALLMARK_UV_RESPONSE_UP	1.2563814	0.14265667	0.4
HALLMARK_REACTIVE_OXYGEN_SPECIES_PATHWAY	1.2307651	0.1687997	0.4
HALLMARK_PANCREAS_BETA_CELLS	1.2252231	0.17108661	0.4
HALLMARK_IL6_JAK_STAT3_SIGNALING	1.1829629	0.22366011	0.4
HALLMARK_UV_RESPONSE_DN	1.0800856	0.40035436	0.4
HALLMARK_SPERMATOGENESIS	1.0660108	0.41773704	0.4
HALLMARK_COAGULATION	0.9979885	0.5497442	0.4
HALLMARK_HYPOXIA	0.99615526	0.53982526	0.4
HALLMARK_APICAL_SURFACE	0.9112176	0.69949764	0.4
HALLMARK_NOTCH_SIGNALING	0.866766	0.76529163	0.4
HALLMARK_APICAL_JUNCTION	0.84796935	0.7790145	0.4
HALLMARK_HEDGEHOG_SIGNALING	0.6937654	0.9452831	0.4
HALLMARK_MYOGENESIS	-2.7833958	0	0.45
HALLMARK_KRAS_SIGNALING_DN	-2.4901955	0	0.45
HALLMARK_ANGIOGENESIS	-1.5328809	0.038269598	0.45
HALLMARK_EPITHELIAL_MESENCHYMAL_TRANSITION	-1.1476023	0.29883388	0.45
HALLMARK_XENOBIOTIC_METABOLISM	-0.98143566	0.59825206	0.45
HALLMARK_WNT_BETA_CATENIN_SIGNALING	-0.62442595	0.9796948	0.45
HALLMARK_ALLOGRAFT_REJECTION	2.2554255	0.00017959184	0.45
HALLMARK_OXIDATIVE_PHOSPHORYLATION	2.151543	8.979592e-05	0.45
HALLMARK_PROTEIN_SECRETION	2.040855	0.00018371579	0.45
HALLMARK_MYC_TARGETS_V1	2.0408204	0.00013778685	0.45
HALLMARK_E2F_TARGETS	1.9876748	0.00021873286	0.45
HALLMARK_TNFA_SIGNALING_VIA_NFKB	1.894123	0.0007173328	0.45
HALLMARK_MTORC1_SIGNALING	1.8310486	0.0010636018	0.45
HALLMARK_G2M_CHECKPOINT	1.8190929	0.001070802	0.45
HALLMARK_IL2_STAT5_SIGNALING	1.7658682	0.0018539678	0.45
HALLMARK_DNA_REPAIR	1.6713252	0.0051762094	0.45
HALLMARK_UNFOLDED_PROTEIN_RESPONSE	1.6410371	0.0066844146	0.45
HALLMARK_GLYCOLYSIS	1.5887771	0.012339234	0.45
HALLMARK_INTERFERON_GAMMA_RESPONSE	1.5843192	0.011880072	0.45
HALLMARK_APOPTOSIS	1.5818583	0.01134208	0.45
HALLMARK_ADIPOGENESIS	1.5772884	0.01124884	0.45
HALLMARK_INTERFERON_ALPHA_RESPONSE	1.5658888	0.012110604	0.45
HALLMARK_INFLAMMATORY_RESPONSE	1.5488626	0.013829262	0.45
HALLMARK_ESTROGEN_RESPONSE_LATE	1.5390017	0.014678558	0.45
HALLMARK_ANDROGEN_RESPONSE	1.5387063	0.013944435	0.45
HALLMARK_PEROXISOME	1.449344	0.036672905	0.45
HALLMARK_BILE_ACID_METABOLISM	1.4448491	0.036691368	0.45
HALLMARK_FATTY_ACID_METABOLISM	1.429343	0.041012958	0.45
HALLMARK_PI3K_AKT_MTOR_SIGNALING	1.3620353	0.077816635	0.45
HALLMARK_CHOLESTEROL_HOMEOSTASIS	1.35692	0.078196146	0.45
HALLMARK_HEME_METABOLISM	1.3380829	0.089709215	0.45
HALLMARK_KRAS_SIGNALING_UP	1.3198867	0.102115765	0.45
HALLMARK_MITOTIC_SPINDLE	1.3187274	0.09933925	0.45
HALLMARK_COMPLEMENT	1.3082172	0.10564331	0.45
HALLMARK_TGF_BETA_SIGNALING	1.2881359	0.12133189	0.45
HALLMARK_UV_RESPONSE_UP	1.269874	0.13721246	0.45
HALLMARK_PANCREAS_BETA_CELLS	1.2684252	0.13435449	0.45
HALLMARK_MYC_TARGETS_V2	1.2635834	0.13584301	0.45
HALLMARK_P53_PATHWAY	1.2477099	0.14985149	0.45
HALLMARK_ESTROGEN_RESPONSE_EARLY	1.2207973	0.17927848	0.45
HALLMARK_REACTIVE_OXYGEN_SPECIES_PATHWAY	1.2001516	0.20302282	0.45
HALLMARK_IL6_JAK_STAT3_SIGNALING	1.1808125	0.22621776	0.45
HALLMARK_UV_RESPONSE_DN	1.0999106	0.3619297	0.45
HALLMARK_SPERMATOGENESIS	1.0618663	0.43012047	0.45
HALLMARK_COAGULATION	1.0267718	0.49311006	0.45
HALLMARK_HYPOXIA	1.0177844	0.49957734	0.45
HALLMARK_APICAL_SURFACE	0.93889874	0.64999807	0.45
HALLMARK_NOTCH_SIGNALING	0.86123854	0.77946573	0.45
HALLMARK_APICAL_JUNCTION	0.84389615	0.7897294	0.45
HALLMARK_HEDGEHOG_SIGNALING	0.744055	0.898536	0.45
HALLMARK_MYOGENESIS	-2.7573435	0.0005515111	0.5
HALLMARK_KRAS_SIGNALING_DN	-2.5233035	0.00027575556	0.5
HALLMARK_ANGIOGENESIS	-1.4558167	0.045404993	0.5
HALLMARK_XENOBIOTIC_METABOLISM	-0.9350439	0.75146294	0.5
HALLMARK_WNT_BETA_CATENIN_SIGNALING	-0.52324235	0.99715596	0.5
HALLMARK_ALLOGRAFT_REJECTION	2.206554	0	0.5
HALLMARK_OXIDATIVE_PHOSPHORYLATION	2.120495	9.782609e-05	0.5
HALLMARK_PROTEIN_SECRETION	2.0041366	0.00018644187	0.5
HALLMARK_MYC_TARGETS_V1	1.994996	0.00013983142	0.5
HALLMARK_E2F_TARGETS	1.9427038	0.00014936514	0.5
HALLMARK_TNFA_SIGNALING_VIA_NFKB	1.8486804	0.00069353584	0.5
HALLMARK_MTORC1_SIGNALING	1.7911196	0.0015902552	0.5
HALLMARK_G2M_CHECKPOINT	1.7679001	0.001791872	0.5
HALLMARK_IL2_STAT5_SIGNALING	1.7167102	0.0031806463	0.5
HALLMARK_DNA_REPAIR	1.6363411	0.0072497437	0.5
HALLMARK_UNFOLDED_PROTEIN_RESPONSE	1.6192056	0.008124785	0.5
HALLMARK_GLYCOLYSIS	1.5696698	0.013368544	0.5
HALLMARK_INTERFERON_GAMMA_RESPONSE	1.5631652	0.013453277	0.5
HALLMARK_ADIPOGENESIS	1.5536698	0.014266688	0.5
HALLMARK_ANDROGEN_RESPONSE	1.5360271	0.01648977	0.5
HALLMARK_APOPTOSIS	1.5360173	0.015471128	0.5
HALLMARK_INTERFERON_ALPHA_RESPONSE	1.5339212	0.014948554	0.5
HALLMARK_ESTROGEN_RESPONSE_LATE	1.5313741	0.0146129625	0.5
HALLMARK_INFLAMMATORY_RESPONSE	1.5301503	0.014041459	0.5
HALLMARK_PEROXISOME	1.4299998	0.041288756	0.5
HALLMARK_BILE_ACID_METABOLISM	1.427208	0.040558554	0.5
HALLMARK_FATTY_ACID_METABOLISM	1.4237561	0.0402556	0.5
HALLMARK_PI3K_AKT_MTOR_SIGNALING	1.3677533	0.0698004	0.5
HALLMARK_HEME_METABOLISM	1.3390126	0.0884788	0.5
HALLMARK_CHOLESTEROL_HOMEOSTASIS	1.3370427	0.08661572	0.5
HALLMARK_COMPLEMENT	1.3024528	0.11599817	0.5
HALLMARK_KRAS_SIGNALING_UP	1.2984986	0.11584117	0.5
HALLMARK_MITOTIC_SPINDLE	1.2959517	0.11413126	0.5
HALLMARK_PANCREAS_BETA_CELLS	1.2850233	0.12148833	0.5
HALLMARK_UV_RESPONSE_UP	1.275159	0.1283245	0.5
HALLMARK_TGF_BETA_SIGNALING	1.2738966	0.12538885	0.5
HALLMARK_MYC_TARGETS_V2	1.2276682	0.17921329	0.5
HALLMARK_P53_PATHWAY	1.2168254	0.18913954	0.5
HALLMARK_IL6_JAK_STAT3_SIGNALING	1.179775	0.24138033	0.5
HALLMARK_ESTROGEN_RESPONSE_EARLY	1.1793525	0.23514311	0.5
HALLMARK_REACTIVE_OXYGEN_SPECIES_PATHWAY	1.1777229	0.23118795	0.5
HALLMARK_UV_RESPONSE_DN	1.1065162	0.35616574	0.5
HALLMARK_SPERMATOGENESIS	1.0551856	0.45565382	0.5
HALLMARK_COAGULATION	1.0542946	0.4458427	0.5
HALLMARK_HYPOXIA	1.027118	0.49394035	0.5
HALLMARK_APICAL_SURFACE	0.9625273	0.6221418	0.5
HALLMARK_NOTCH_SIGNALING	0.86918056	0.78877616	0.5
HALLMARK_APICAL_JUNCTION	0.8397094	0.8196021	0.5
HALLMARK_HEDGEHOG_SIGNALING	0.77609944	0.88651097	0.5
HALLMARK_EPITHELIAL_MESENCHYMAL_TRANSITION	0.7518711	0.8928073	0.5
HALLMARK_MYOGENESIS	-2.6269925	0	0.55
HALLMARK_KRAS_SIGNALING_DN	-2.5336578	0	0.55
HALLMARK_ANGIOGENESIS	-1.3768438	0.069481306	0.55
HALLMARK_WNT_BETA_CATENIN_SIGNALING	-0.52969426	0.9965799	0.55
HALLMARK_ALLOGRAFT_REJECTION	2.1525133	0	0.55
HALLMARK_OXIDATIVE_PHOSPHORYLATION	2.0944629	0	0.55
HALLMARK_PROTEIN_SECRETION	2.000098	6.133333e-05	0.55
HALLMARK_MYC_TARGETS_V1	1.9493994	9.2938775e-05	0.55
HALLMARK_E2F_TARGETS	1.910151	0.00023179785	0.55
HALLMARK_TNFA_SIGNALING_VIA_NFKB	1.7914099	0.0014944508	0.55
HALLMARK_MTORC1_SIGNALING	1.7498807	0.002350685	0.55
HALLMARK_G2M_CHECKPOINT	1.7237047	0.0028795921	0.55
HALLMARK_IL2_STAT5_SIGNALING	1.671066	0.004877201	0.55
HALLMARK_DNA_REPAIR	1.6029828	0.010849805	0.55
HALLMARK_UNFOLDED_PROTEIN_RESPONSE	1.5949472	0.010646262	0.55
HALLMARK_GLYCOLYSIS	1.5527574	0.016429536	0.55
HALLMARK_INTERFERON_GAMMA_RESPONSE	1.5334203	0.019068712	0.55
HALLMARK_ADIPOGENESIS	1.5328823	0.017869294	0.55
HALLMARK_ANDROGEN_RESPONSE	1.51165	0.020830225	0.55
HALLMARK_INTERFERON_ALPHA_RESPONSE	1.507197	0.020526033	0.55
HALLMARK_ESTROGEN_RESPONSE_LATE	1.5029423	0.02021747	0.55
HALLMARK_INFLAMMATORY_RESPONSE	1.4901589	0.022198474	0.55
HALLMARK_APOPTOSIS	1.4877332	0.021721348	0.55
HALLMARK_FATTY_ACID_METABOLISM	1.4282547	0.040180672	0.55
HALLMARK_PEROXISOME	1.4097086	0.046935868	0.55
HALLMARK_BILE_ACID_METABOLISM	1.4057591	0.046799622	0.55
HALLMARK_PI3K_AKT_MTOR_SIGNALING	1.3603871	0.07127196	0.55
HALLMARK_HEME_METABOLISM	1.3371817	0.08628128	0.55
HALLMARK_CHOLESTEROL_HOMEOSTASIS	1.3101248	0.1075614	0.55
HALLMARK_COMPLEMENT	1.3056672	0.10796856	0.55
HALLMARK_PANCREAS_BETA_CELLS	1.2951111	0.11464487	0.55
HALLMARK_UV_RESPONSE_UP	1.2799387	0.12745814	0.55
HALLMARK_KRAS_SIGNALING_UP	1.272989	0.13117924	0.55
HALLMARK_MITOTIC_SPINDLE	1.2693632	0.13114291	0.55
HALLMARK_TGF_BETA_SIGNALING	1.2614912	0.13596345	0.55
HALLMARK_MYC_TARGETS_V2	1.1868396	0.24305904	0.55
HALLMARK_P53_PATHWAY	1.178151	0.2510279	0.55
HALLMARK_IL6_JAK_STAT3_SIGNALING	1.1654354	0.26726407	0.55
HALLMARK_ESTROGEN_RESPONSE_EARLY	1.1438521	0.30141333	0.55
HALLMARK_REACTIVE_OXYGEN_SPECIES_PATHWAY	1.1382776	0.30450234	0.55
HALLMARK_UV_RESPONSE_DN	1.1197128	0.3343476	0.55
HALLMARK_COAGULATION	1.0773133	0.41616917	0.55
HALLMARK_SPERMATOGENESIS	1.0534265	0.45977512	0.55
HALLMARK_HYPOXIA	1.0414681	0.47485232	0.55
HALLMARK_APICAL_SURFACE	0.97287333	0.61879146	0.55
HALLMARK_NOTCH_SIGNALING	0.8644641	0.82175314	0.55
HALLMARK_APICAL_JUNCTION	0.8312852	0.8564539	0.55
HALLMARK_HEDGEHOG_SIGNALING	0.77822274	0.9070881	0.55
HALLMARK_EPITHELIAL_MESENCHYMAL_TRANSITION	0.7580153	0.9085593	0.55
HALLMARK_XENOBIOTIC_METABOLISM	0.6168464	0.9778897	0.55
HALLMARK_MYOGENESIS	-2.5579188	0	0.6
HALLMARK_KRAS_SIGNALING_DN	-2.5553138	0	0.6
HALLMARK_ANGIOGENESIS	-1.2402837	0.16288884	0.6
HALLMARK_WNT_BETA_CATENIN_SIGNALING	-0.55234617	0.99227905	0.6
HALLMARK_ALLOGRAFT_REJECTION	2.111814	0	0.6
HALLMARK_OXIDATIVE_PHOSPHORYLATION	2.064913	0	0.6
HALLMARK_PROTEIN_SECRETION	1.9839401	0.00012522223	0.6
HALLMARK_MYC_TARGETS_V1	1.9135157	0.00032677213	0.6
HALLMARK_E2F_TARGETS	1.8776872	0.00037331975	0.6
HALLMARK_TNFA_SIGNALING_VIA_NFKB	1.7417089	0.0023517294	0.6
HALLMARK_MTORC1_SIGNALING	1.6967822	0.0035457527	0.6
HALLMARK_G2M_CHECKPOINT	1.6808789	0.0037398285	0.6
HALLMARK_IL2_STAT5_SIGNALING	1.6299688	0.0068589617	0.6
HALLMARK_UNFOLDED_PROTEIN_RESPONSE	1.5835692	0.0114741465	0.6
HALLMARK_DNA_REPAIR	1.5797098	0.010997843	0.6
HALLMARK_GLYCOLYSIS	1.5329384	0.018136356	0.6
HALLMARK_ADIPOGENESIS	1.5182679	0.019813586	0.6
HALLMARK_ANDROGEN_RESPONSE	1.4994397	0.022841519	0.6
HALLMARK_INTERFERON_GAMMA_RESPONSE	1.4988644	0.021458585	0.6
HALLMARK_ESTROGEN_RESPONSE_LATE	1.4873524	0.022825794	0.6
HALLMARK_INTERFERON_ALPHA_RESPONSE	1.4864953	0.021706874	0.6
HALLMARK_INFLAMMATORY_RESPONSE	1.4580474	0.028127877	0.6
HALLMARK_APOPTOSIS	1.4525871	0.028147465	0.6
HALLMARK_FATTY_ACID_METABOLISM	1.426523	0.03635651	0.6
HALLMARK_PEROXISOME	1.4085015	0.04236854	0.6
HALLMARK_BILE_ACID_METABOLISM	1.3859857	0.051655617	0.6
HALLMARK_PI3K_AKT_MTOR_SIGNALING	1.3708422	0.057814002	0.6
HALLMARK_PANCREAS_BETA_CELLS	1.3326142	0.08313397	0.6
HALLMARK_HEME_METABOLISM	1.3288491	0.082595535	0.6
HALLMARK_COMPLEMENT	1.2974646	0.108482584	0.6
HALLMARK_CHOLESTEROL_HOMEOSTASIS	1.2825245	0.12173275	0.6
HALLMARK_UV_RESPONSE_UP	1.273933	0.12724485	0.6
HALLMARK_KRAS_SIGNALING_UP	1.2508136	0.15191512	0.6
HALLMARK_TGF_BETA_SIGNALING	1.2496076	0.14816323	0.6
HALLMARK_MITOTIC_SPINDLE	1.2436371	0.15162748	0.6
HALLMARK_IL6_JAK_STAT3_SIGNALING	1.1603181	0.28759274	0.6
HALLMARK_MYC_TARGETS_V2	1.1571612	0.2852137	0.6
HALLMARK_P53_PATHWAY	1.1429725	0.30557898	0.6
HALLMARK_ESTROGEN_RESPONSE_EARLY	1.115201	0.35764128	0.6
HALLMARK_REACTIVE_OXYGEN_SPECIES_PATHWAY	1.1126684	0.35275546	0.6
HALLMARK_UV_RESPONSE_DN	1.1104037	0.34793845	0.6
HALLMARK_COAGULATION	1.0956597	0.37184596	0.6
HALLMARK_SPERMATOGENESIS	1.0506388	0.46484807	0.6
HALLMARK_HYPOXIA	1.0362216	0.48689115	0.6
HALLMARK_APICAL_SURFACE	0.98900443	0.5850336	0.6
HALLMARK_NOTCH_SIGNALING	0.85836744	0.84021825	0.6
HALLMARK_APICAL_JUNCTION	0.8198069	0.8808605	0.6
HALLMARK_HEDGEHOG_SIGNALING	0.77106494	0.92069006	0.6
HALLMARK_EPITHELIAL_MESENCHYMAL_TRANSITION	0.759229	0.9120901	0.6
HALLMARK_XENOBIOTIC_METABOLISM	0.63831943	0.9702179	0.6
